ntaname,Afghan,African (General),American,Arabic,Argentine,Armenian,Asian Fusion,Australian,Austrian,Bangladeshi,Basque,Belgian,Brazilian,British,Burmese,Cajun/Creole,Cambodian,Cantonese,Caribbean (General),Catalan,Chinese,Colombian,Cuban,Czech,Dominican,Egyptian,Eritrean,Ethiopian,Filipino,French,Georgian,German,Greek,Hainan,Haitian,Hawaiian,Himalayan/Nepalese,Honduran,Hungarian,Iberian,Indian,Indonesian,Irish,Italian,Japanese,Korean,Laotian,Latin American (General),Lebanese,Malaysian,Mediterranean,Mexican,Middle Eastern (General),Modern European,Mongolian,Moroccan,New American,New Mexican Cuisine,Pakistani,Pan Asian,Persian/Iranian,Peruvian,Polish,Portuguese,Puerto Rican,Russian,Salvadoran,Sardinian,Scandinavian,Scottish,Senegalese,Shanghainese,Sicilian,Singaporean,Slovakian,Soul Food,South African,Southern,Spanish,Sri Lankan,Syrian,Szechuan,Taiwanese,Tex-Mex,Thai,Trinidadian,Turkish,Tuscan,Ukrainian,Uzbek,Venezuelan,Vietnamese,highest_category
Airport,0,0,8,0,0,0,2,0,0,0,0,0,0,0,0,0,0,0,0,0,2,0,0,0,0,0,0,0,0,1,0,0,0,0,0,0,0,0,0,0,0,0,0,7,0,0,0,0,0,0,0,5,0,0,0,0,8,0,0,0,0,0,0,0,0,0,0,0,0,0,0,0,0,0,0,0,0,0,0,0,0,0,0,0,1,0,0,0,0,0,0,0,American
Allerton-Pelham Gardens,0,1,1,0,0,0,0,0,0,0,0,0,0,0,0,0,0,0,4,0,5,0,0,0,0,0,0,0,0,0,0,0,0,0,0,0,0,0,0,0,0,0,0,4,0,0,0,3,0,0,0,0,0,0,0,0,1,0,0,0,0,0,0,0,0,0,0,0,0,0,0,0,0,0,0,1,0,0,0,0,0,0,0,0,0,0,0,0,0,0,0,0,Chinese
Annadale-Huguenot-Prince's Bay-Eltingville,0,0,1,0,0,0,1,0,0,0,0,0,0,0,0,0,0,0,0,0,2,0,0,0,0,0,0,0,0,0,0,0,1,0,0,0,0,0,0,0,0,0,0,14,3,0,0,0,0,0,1,0,1,0,0,0,3,0,0,0,0,0,0,0,0,0,0,0,0,0,0,0,0,0,0,0,0,0,0,0,0,0,0,1,0,0,0,0,0,0,0,0,Italian
Arden Heights,0,0,0,0,0,0,0,0,0,0,0,0,0,0,0,0,0,0,0,0,1,0,0,0,0,0,0,0,0,0,0,0,0,0,0,0,0,0,0,0,0,0,0,1,1,0,0,0,0,0,0,0,0,0,0,0,0,0,0,0,0,0,0,0,0,0,0,0,0,0,0,0,0,0,0,0,0,0,0,0,0,0,0,0,0,0,0,0,0,0,0,0,Chinese
Astoria,2,2,24,0,0,0,4,0,0,1,0,0,6,0,0,2,0,0,1,0,22,9,2,0,1,4,0,0,0,0,0,1,11,1,0,3,1,0,0,0,9,0,2,21,12,8,0,13,2,0,19,43,18,5,0,3,17,2,2,1,0,7,0,0,1,0,1,0,0,0,0,1,0,0,0,2,0,1,5,0,0,1,0,0,15,0,4,0,0,0,2,3,Mexican
Auburndale,1,0,1,0,0,0,2,0,0,0,0,0,0,0,0,0,0,0,0,0,3,0,0,0,0,0,0,0,0,0,0,0,2,0,0,0,0,0,0,0,0,0,0,2,3,13,0,0,0,0,1,2,0,0,0,0,0,0,0,0,0,1,0,0,0,0,0,0,0,0,0,0,0,0,0,0,0,0,0,0,0,0,0,0,0,0,0,0,0,0,0,1,Korean
Baisley Park,0,0,2,0,0,0,0,0,0,0,0,0,0,0,0,0,0,0,10,0,4,0,0,0,0,0,0,0,0,0,0,0,0,0,0,0,0,0,0,0,2,0,0,0,1,0,0,0,0,0,1,2,0,0,0,0,3,0,0,0,0,0,0,0,0,0,0,0,0,0,0,0,0,0,0,3,0,2,1,0,0,0,0,0,0,0,0,0,0,0,0,0,Caribbean (General)
Bath Beach,1,0,1,0,0,0,0,0,0,1,0,0,0,0,0,0,0,0,0,0,7,0,0,0,0,0,0,0,0,0,2,0,1,0,0,0,0,0,0,0,2,0,0,2,1,0,0,2,0,1,0,2,2,0,0,0,0,0,2,0,0,1,0,0,0,2,0,0,0,0,0,1,0,0,0,0,0,0,0,0,0,0,0,0,0,0,0,0,0,2,0,1,Chinese
Battery Park City-Lower Manhattan,1,1,27,0,0,0,11,1,1,1,0,1,1,1,0,2,0,1,0,0,17,0,2,0,0,0,0,0,0,10,0,0,7,0,0,5,0,0,0,0,13,0,5,35,16,8,0,0,2,1,17,27,4,0,0,0,29,0,0,0,0,1,0,0,1,1,0,0,0,0,0,1,1,0,0,0,0,2,1,0,0,0,0,3,7,0,0,1,1,1,1,5,Italian
Bay Ridge,0,0,14,2,0,0,6,0,0,0,0,0,1,0,0,0,0,2,0,0,26,1,0,0,0,0,0,0,0,0,2,1,6,0,0,1,0,0,0,0,5,0,2,23,15,1,0,4,1,0,9,14,21,1,0,0,13,1,0,0,0,0,2,1,0,0,0,0,0,0,0,0,1,0,0,0,0,0,2,0,0,3,0,0,8,0,6,0,0,1,0,3,Chinese
Bayside-Bayside Hills,0,0,9,0,0,1,5,0,0,0,0,0,0,0,0,1,0,2,0,0,22,2,1,0,0,0,0,0,0,1,0,0,8,0,0,0,0,0,0,0,2,0,0,11,7,15,0,1,0,0,8,5,0,0,0,0,6,0,0,1,0,0,0,0,0,0,1,0,0,0,0,1,0,0,0,0,0,0,3,0,0,1,5,1,4,0,1,0,0,0,0,2,Chinese
Bedford,0,2,10,0,0,0,2,0,0,0,0,0,1,0,0,0,0,0,9,0,14,0,1,0,2,0,0,0,0,2,0,1,1,0,0,0,0,0,0,0,3,0,0,5,1,3,0,3,0,0,0,10,0,0,0,0,6,3,0,0,0,0,0,0,0,0,0,0,0,0,1,0,0,0,0,4,0,1,3,0,0,0,0,0,3,2,1,0,0,0,1,1,Chinese
Bedford Park-Fordham North,0,2,5,0,0,0,0,0,0,0,0,0,0,0,1,1,1,0,1,0,8,0,0,0,6,0,0,0,0,0,0,0,0,0,0,0,0,0,0,0,0,0,0,3,1,0,0,4,0,0,0,11,0,0,0,0,2,0,0,0,0,0,0,0,0,0,1,0,0,0,0,0,0,0,0,0,0,1,2,0,0,0,0,0,0,0,0,0,0,0,0,0,Mexican
Bellerose,0,0,2,0,0,0,1,0,0,0,0,0,0,0,0,0,0,0,1,0,4,2,0,0,1,0,0,0,0,0,0,0,0,0,0,0,0,0,0,0,7,0,0,2,0,0,0,1,0,0,0,5,2,0,0,0,0,0,1,0,0,0,0,1,0,0,0,0,0,0,0,0,0,0,0,0,0,0,1,0,0,0,0,0,0,0,1,0,0,0,0,0,Indian
Belmont,0,1,5,0,0,0,1,0,0,0,0,0,0,0,0,0,0,0,3,0,8,0,0,0,3,0,0,0,0,0,0,0,1,0,0,0,0,0,0,0,0,0,0,20,2,0,0,2,0,0,4,10,0,3,0,0,2,0,0,0,0,0,0,0,0,0,0,0,0,0,0,0,0,0,0,2,0,0,1,0,0,0,0,1,0,0,1,0,0,0,0,0,Italian
Bensonhurst East,0,0,6,0,0,0,1,0,0,0,0,0,0,0,0,0,0,3,0,0,11,0,0,0,1,0,0,0,0,1,3,0,0,0,0,0,0,0,0,0,0,0,0,11,7,1,0,0,0,2,6,12,2,2,0,0,2,1,0,0,0,0,0,0,0,6,1,0,0,0,0,0,1,0,0,0,0,0,1,0,0,0,0,1,2,0,2,0,0,3,0,2,Mexican
Bensonhurst West,0,0,3,0,0,0,5,0,0,0,0,0,0,0,0,0,0,8,0,0,55,0,0,0,0,0,0,0,0,0,2,0,0,0,0,0,0,0,0,0,2,0,0,13,12,2,0,1,0,3,0,18,0,1,0,0,2,0,0,0,0,2,1,1,0,3,1,0,0,0,0,1,0,0,0,0,0,0,0,0,0,1,1,3,2,0,1,0,0,1,0,1,Chinese
Borough Park,0,0,4,0,0,0,0,0,0,0,0,0,0,0,0,0,0,2,0,0,14,0,0,0,0,0,0,0,0,1,0,0,0,0,0,0,0,1,0,0,0,0,0,5,4,0,0,2,0,0,0,10,0,0,0,0,1,0,0,0,0,1,1,0,0,1,1,0,0,0,0,0,0,0,0,0,0,0,0,0,0,0,0,0,0,0,0,0,0,0,0,1,Chinese
Breezy Point-Belle Harbor-Rockaway Park-Broad Channel,0,1,9,0,0,0,0,0,0,0,0,0,0,0,0,0,0,0,0,0,6,0,0,0,1,0,0,0,0,0,0,0,0,0,0,1,0,0,0,0,0,0,0,5,3,0,0,1,0,0,1,2,0,0,0,0,9,0,0,0,0,2,0,0,0,0,0,0,0,0,0,0,0,0,0,0,0,0,2,0,0,0,0,0,1,0,0,0,0,0,1,0,American
Briarwood-Jamaica Hills,0,0,2,0,0,0,2,0,0,9,0,0,0,0,0,0,0,0,1,0,9,2,0,0,1,0,0,0,2,0,0,0,0,0,0,0,0,0,0,0,9,0,0,2,2,0,0,4,0,0,0,6,1,0,0,0,0,1,7,0,0,2,0,0,0,0,0,0,0,0,0,0,0,0,0,1,0,0,2,0,0,0,0,0,1,0,0,0,0,0,0,0,Bangladeshi
Brighton Beach,0,0,6,0,0,0,1,0,0,0,0,0,0,0,0,0,0,0,0,0,5,0,0,0,0,0,0,0,0,0,5,0,0,0,0,0,0,0,0,0,1,0,0,2,3,0,0,0,0,0,2,3,5,2,0,0,2,0,2,0,0,0,0,0,0,11,0,0,0,0,0,0,0,0,0,0,0,0,0,0,0,0,0,1,0,0,3,0,1,4,0,0,Russian
Bronxdale,0,1,6,0,0,0,0,0,0,0,0,0,0,0,0,0,0,0,3,0,8,0,0,0,0,0,0,0,0,0,0,0,0,0,0,0,0,0,0,0,2,0,0,4,0,0,0,2,0,0,0,9,0,0,0,0,1,0,1,0,0,0,0,0,0,0,0,0,0,0,0,0,0,0,0,1,0,0,2,0,0,0,0,0,0,1,0,0,0,0,0,0,Mexican
Brooklyn Heights-Cobble Hill,0,0,7,0,0,0,1,1,0,0,0,0,0,0,0,0,0,0,2,0,3,0,0,0,0,0,0,0,1,1,1,0,0,0,0,0,0,0,0,0,2,0,0,11,2,1,0,0,0,0,1,5,7,0,0,0,8,0,0,0,0,0,0,0,0,0,0,0,0,0,0,0,0,0,0,0,0,0,0,0,0,0,0,1,5,0,1,0,0,0,0,3,Italian
Brownsville,0,1,7,0,0,0,0,0,0,0,0,0,0,0,0,1,0,1,10,0,9,0,0,0,0,0,0,0,0,0,0,0,0,0,0,0,0,0,0,0,0,0,0,0,0,0,0,2,0,0,0,1,0,0,0,0,3,0,0,0,0,0,0,0,0,0,0,0,0,0,0,0,0,0,0,4,0,0,1,0,0,1,0,0,0,0,0,0,0,0,0,0,Caribbean (General)
Bushwick North,0,2,11,0,0,0,5,0,0,1,0,0,0,0,0,3,0,0,1,0,22,0,1,0,6,0,0,1,1,2,0,0,2,0,0,0,0,2,0,0,2,0,0,8,5,3,0,23,1,0,2,47,1,0,0,0,13,0,0,0,0,1,0,0,2,0,2,0,0,0,0,0,0,0,0,0,0,1,10,0,0,0,0,1,9,0,3,0,0,0,3,3,Mexican
Bushwick South,0,2,14,0,0,0,6,0,0,0,0,0,0,0,0,1,1,0,2,0,14,0,1,0,3,0,0,0,0,1,0,0,0,0,0,0,0,0,0,0,3,0,0,8,5,0,0,3,0,0,4,24,3,0,0,0,4,0,0,0,1,1,0,0,0,0,0,0,0,0,0,0,0,0,0,0,0,0,3,0,0,0,2,0,4,0,0,0,0,0,0,2,Mexican
Cambria Heights,0,0,1,0,0,0,0,0,0,0,0,0,0,0,0,1,0,0,9,0,3,0,0,0,0,0,0,0,0,0,0,0,0,0,2,0,0,0,0,0,0,0,0,0,1,0,0,0,0,0,1,2,0,0,0,0,1,0,0,0,0,0,0,0,0,0,0,0,0,0,0,0,0,0,0,0,0,0,0,0,0,0,0,1,0,0,0,0,0,0,0,0,Caribbean (General)
Canarsie,0,1,1,0,0,0,0,0,0,0,0,0,0,0,0,2,0,2,24,0,14,0,0,0,0,0,0,0,0,0,0,0,0,0,5,0,0,0,0,0,0,0,0,1,1,0,0,1,0,0,1,2,1,0,0,0,3,0,0,0,0,0,0,0,0,0,0,0,0,0,0,0,0,0,0,0,0,0,0,0,0,1,0,0,0,1,0,0,0,0,0,0,Caribbean (General)
Carroll Gardens-Columbia Street-Red Hook,0,1,8,0,2,0,2,0,0,0,0,0,1,0,0,0,0,0,2,0,7,0,1,0,1,0,0,1,1,4,0,0,1,0,0,2,0,0,0,0,1,0,0,22,5,1,0,2,2,0,3,9,4,1,0,1,8,0,0,1,0,0,0,0,0,0,1,0,1,0,0,0,0,0,0,0,0,1,1,0,0,0,0,2,8,0,1,0,0,0,1,0,Italian
Central Harlem North-Polo Grounds,0,2,3,0,0,0,2,0,0,0,0,0,0,0,0,0,0,0,21,0,20,0,1,0,0,0,0,2,0,3,0,0,1,0,0,0,0,0,0,0,2,0,0,1,3,0,0,3,0,0,0,4,0,1,0,0,6,0,0,0,0,0,0,0,0,0,0,0,0,0,4,0,0,0,0,10,0,2,3,0,0,0,0,0,1,0,0,0,0,0,0,0,Caribbean (General)
Central Harlem South,0,3,9,0,0,0,3,0,0,0,0,0,0,0,0,3,0,0,6,0,9,0,0,0,1,0,0,1,0,1,0,0,0,0,0,0,0,0,0,0,3,0,0,7,2,0,0,0,0,0,3,6,1,0,0,1,8,1,0,0,0,1,0,0,0,0,0,0,0,0,2,0,0,0,0,9,0,4,3,0,0,1,0,0,2,0,0,0,0,0,0,0,American
Charleston-Richmond Valley-Tottenville,0,0,4,0,0,0,0,0,0,0,0,0,0,0,0,0,0,0,0,0,4,0,0,0,0,0,0,0,0,0,0,1,0,0,0,0,0,0,0,0,0,0,0,23,3,0,0,0,0,0,1,5,0,0,0,0,3,0,0,0,0,0,0,0,0,0,0,0,0,0,0,0,0,0,0,0,0,0,1,0,1,0,0,0,0,0,0,0,0,0,0,0,Italian
Chinatown,0,0,9,0,1,0,13,1,1,0,1,1,1,0,0,2,1,20,6,0,105,0,1,0,2,0,0,0,2,8,0,2,4,0,1,0,0,0,0,0,4,0,0,16,30,7,0,6,1,4,7,17,3,1,0,2,26,1,1,2,0,2,0,0,1,0,0,0,1,0,0,5,0,0,0,0,0,1,1,0,0,5,5,2,12,0,1,0,1,0,1,13,Chinese
Claremont-Bathgate,0,3,2,0,0,0,0,0,0,0,0,0,0,0,0,0,0,0,1,0,5,0,0,0,3,0,0,0,0,0,0,0,0,0,0,0,0,0,0,0,0,0,0,0,0,0,0,2,0,0,0,3,0,0,0,0,1,0,0,0,0,0,0,0,0,0,0,0,0,0,0,0,0,0,0,0,0,0,1,0,0,0,0,0,0,0,0,0,0,0,1,0,Chinese
Clinton,1,0,24,0,1,0,11,0,0,0,0,0,3,0,0,4,0,3,5,0,27,0,3,0,1,1,0,2,2,8,1,0,3,0,1,2,0,0,0,0,11,0,4,53,27,12,0,8,0,0,20,28,7,0,0,1,39,2,2,2,0,4,0,0,1,1,0,0,0,0,0,0,1,0,0,1,0,0,4,0,0,2,3,4,14,0,7,1,1,0,0,2,Italian
Clinton Hill,0,3,7,0,0,0,5,0,0,0,0,0,0,0,0,1,1,0,3,0,8,0,0,0,0,0,0,1,0,1,0,0,0,0,0,0,1,0,0,0,6,0,0,7,3,2,0,1,0,0,2,7,1,0,0,0,13,0,0,0,0,0,0,0,0,0,0,0,0,0,1,0,0,0,0,1,0,0,0,0,0,0,0,1,4,0,0,0,0,0,0,1,New American
Co-op City,0,0,2,0,0,0,1,0,0,0,0,0,0,0,0,1,0,0,6,0,7,1,0,0,0,0,0,0,0,0,0,0,0,0,0,0,0,0,0,0,0,0,0,3,1,1,0,1,0,0,0,4,0,0,0,0,0,0,0,0,0,0,0,0,0,0,0,0,0,0,0,0,0,0,0,1,0,0,0,0,0,0,0,3,0,0,0,0,0,0,0,0,Chinese
College Point,0,0,1,0,0,0,0,0,0,0,0,0,0,0,0,0,0,1,0,0,6,4,0,0,2,0,0,0,0,0,0,0,0,0,0,0,0,0,0,0,0,0,0,4,0,0,0,1,0,0,0,2,0,0,0,0,0,0,0,0,0,0,0,0,0,0,1,0,0,0,0,1,0,0,0,0,0,0,1,0,0,1,0,0,0,0,0,0,0,0,0,0,Chinese
Corona,0,0,1,0,0,0,0,0,0,1,0,0,0,0,0,0,0,0,1,0,6,8,0,0,3,0,0,0,0,0,0,0,0,0,0,0,0,0,0,0,0,0,0,6,0,0,0,5,0,0,0,9,0,0,0,0,1,1,0,0,0,2,0,0,0,0,0,0,0,0,0,0,0,0,0,0,0,0,1,0,0,0,0,0,1,0,0,0,0,0,0,0,Mexican
Crotona Park East,0,0,1,0,0,0,0,0,0,0,0,0,0,0,0,0,0,0,0,0,3,0,0,0,0,0,0,0,0,0,0,0,0,0,0,0,0,0,0,0,0,0,0,0,1,0,0,0,0,0,0,2,0,0,0,0,1,0,0,0,0,0,0,0,0,0,0,0,0,0,0,0,0,0,0,0,0,1,0,0,0,0,0,0,0,0,0,0,0,0,0,0,Chinese
Crown Heights North,0,3,13,0,0,0,3,0,0,0,0,0,0,0,1,3,0,0,50,0,23,0,0,0,0,0,0,1,0,2,0,0,0,0,1,0,0,0,0,0,6,0,0,9,4,1,0,2,0,0,1,9,3,0,0,0,9,1,0,1,1,0,0,0,0,0,0,0,0,0,1,0,0,0,0,9,0,4,4,0,0,1,0,0,6,2,0,0,0,0,1,2,Caribbean (General)
Crown Heights South,0,1,4,0,0,0,0,0,0,0,0,0,0,0,0,2,0,0,13,0,8,0,0,0,2,0,0,0,0,0,0,0,0,0,1,0,0,0,1,0,1,0,0,0,0,0,0,1,0,0,0,3,1,0,0,0,0,0,0,0,0,0,0,0,0,0,0,0,0,0,0,0,0,0,0,0,0,0,0,0,0,0,0,0,0,0,0,0,0,0,0,0,Caribbean (General)
Cypress Hills-City Line,0,0,2,0,0,0,0,0,0,1,0,0,0,0,0,0,0,0,5,0,8,0,0,0,7,0,0,0,0,0,0,0,0,0,0,1,0,0,0,0,3,0,0,2,0,0,0,11,0,0,1,7,1,0,0,0,1,0,0,0,0,0,0,0,0,0,2,0,0,0,0,0,0,0,0,0,0,0,10,0,0,0,0,0,0,0,0,0,0,0,0,0,Latin American (General)
DUMBO-Vinegar Hill-Downtown Brooklyn-Boerum Hill,0,0,12,0,0,0,8,0,0,0,0,0,0,0,0,1,0,1,6,0,14,1,5,0,2,0,0,0,0,8,0,4,1,0,1,1,0,0,0,0,3,0,0,19,13,8,0,7,1,0,9,15,5,1,0,1,13,1,1,0,0,1,1,0,0,0,0,0,0,0,0,1,0,0,0,4,0,1,2,0,0,3,1,1,12,0,0,0,0,0,0,3,Italian
Douglas Manor-Douglaston-Little Neck,0,1,0,0,0,0,0,0,0,0,0,0,0,0,0,0,0,4,0,0,8,0,0,0,0,0,0,0,0,1,0,0,1,0,0,0,0,0,0,0,0,0,0,9,6,5,0,0,0,0,2,3,0,0,0,0,0,0,0,0,1,1,0,0,0,0,0,0,0,0,0,1,1,0,0,0,0,0,0,0,0,0,1,0,2,0,0,0,0,0,0,1,Italian
Dyker Heights,0,0,3,0,0,0,2,0,0,0,0,0,0,0,0,0,0,3,0,0,13,0,0,0,0,0,0,0,0,0,0,0,2,0,0,0,0,0,0,0,0,0,0,5,2,0,0,0,0,0,1,5,0,0,0,0,1,1,0,0,0,0,0,0,0,0,0,0,0,0,0,0,0,0,0,0,0,0,1,0,0,1,0,0,1,0,0,0,0,0,0,0,Chinese
East Concourse-Concourse Village,0,1,0,0,0,0,0,0,0,0,0,0,0,0,0,1,0,0,6,0,7,0,1,0,6,0,0,0,0,0,0,0,0,0,0,0,0,0,0,0,2,0,0,2,0,0,0,3,0,0,0,4,0,0,0,0,2,0,0,0,0,0,0,0,0,0,0,0,0,0,0,0,0,0,0,1,0,0,3,0,0,0,0,0,0,0,0,0,0,0,0,0,Chinese
East Elmhurst,0,0,4,0,1,0,0,0,0,0,0,0,1,0,0,0,0,0,1,0,4,5,0,0,2,0,0,0,0,0,0,0,0,0,0,0,0,0,0,0,0,0,0,0,0,0,0,8,0,0,1,3,0,0,0,0,2,0,0,0,0,0,0,0,0,0,0,0,0,0,0,0,0,0,0,0,0,0,3,0,0,0,0,0,0,0,0,0,0,0,0,0,Latin American (General)
East Flatbush-Farragut,0,0,3,0,0,0,0,0,0,0,0,0,0,0,0,1,0,0,24,0,9,0,0,0,0,0,0,0,0,0,0,0,0,0,2,0,0,0,0,0,0,0,0,1,0,0,0,0,0,0,0,2,0,0,0,0,2,0,0,0,0,1,0,0,0,0,0,0,0,0,0,0,0,0,0,7,0,0,0,0,0,0,0,0,0,1,0,0,0,0,0,0,Caribbean (General)
East Flushing,0,0,0,0,0,0,2,0,0,0,0,0,0,0,0,0,0,1,0,0,8,1,0,0,0,0,0,0,0,0,0,0,0,0,0,0,0,0,0,0,2,0,0,1,1,4,0,0,0,1,0,3,0,0,0,0,0,0,0,0,0,0,0,0,0,0,3,0,0,0,0,1,0,0,0,0,0,0,1,0,0,0,2,0,0,0,0,0,0,0,0,1,Chinese
East Harlem North,0,2,6,0,0,0,2,0,0,0,1,0,0,0,0,1,0,0,7,0,15,0,0,0,3,0,0,0,0,3,0,0,0,0,0,1,0,0,0,0,4,0,0,9,2,1,0,7,0,0,0,28,0,0,0,0,2,0,1,0,0,0,0,0,3,0,0,0,0,0,0,0,0,0,0,6,0,2,6,0,0,0,0,0,2,0,0,0,0,0,0,0,Mexican
East Harlem South,0,2,7,0,0,0,1,0,0,1,0,1,1,0,0,1,0,0,5,0,18,0,1,0,3,0,0,0,0,1,0,0,0,0,0,0,0,0,0,0,6,0,0,5,1,2,0,8,0,0,1,24,1,0,0,0,2,0,0,0,0,2,0,0,2,0,0,0,0,0,0,0,0,0,0,2,0,0,5,0,0,0,0,2,6,0,0,0,0,0,0,1,Mexican
East New York,0,1,11,0,0,0,0,0,0,0,0,0,0,0,0,1,0,0,13,0,16,0,0,0,5,0,0,0,0,0,0,0,0,0,0,0,0,0,0,0,0,0,0,5,0,0,0,5,0,0,0,2,0,0,0,0,6,0,0,0,0,0,0,0,2,0,0,0,0,0,0,0,0,0,0,4,0,0,7,0,0,0,0,0,0,0,0,0,0,0,1,0,Chinese
East New York (Pennsylvania Ave),0,1,0,0,0,0,0,0,0,0,0,0,0,0,0,0,0,0,3,0,6,0,0,0,1,0,0,0,0,0,0,0,0,0,0,0,0,0,0,0,0,0,0,0,0,0,0,2,0,0,0,1,0,0,0,0,1,0,0,0,0,0,0,0,0,0,0,0,0,0,0,0,0,0,0,1,0,0,0,0,0,0,0,0,0,0,0,0,0,0,0,0,Chinese
East Tremont,0,1,1,0,0,0,0,0,0,0,0,0,0,0,0,0,0,0,2,0,6,0,0,0,2,0,0,0,0,0,0,0,0,0,0,0,0,0,0,0,0,0,0,0,1,2,0,3,0,0,0,1,0,0,0,0,3,0,0,0,0,0,0,0,0,0,1,0,0,0,0,0,0,0,0,0,0,0,4,0,0,0,0,0,0,0,0,0,0,0,0,0,Chinese
East Village,0,3,21,0,2,0,13,1,0,1,0,0,2,1,1,0,0,3,1,0,18,0,1,0,1,0,0,2,1,8,0,1,4,0,0,2,2,0,0,0,18,0,2,49,56,17,1,4,4,2,20,32,12,3,0,1,31,1,0,1,0,2,1,2,1,0,0,0,1,0,0,2,0,0,0,2,0,4,5,1,0,8,8,2,18,0,1,0,3,0,1,14,Japanese
East Williamsburg,0,0,5,2,0,0,0,1,0,0,0,0,0,0,0,0,0,1,4,0,7,2,0,0,2,0,0,0,0,1,0,0,2,0,0,0,0,0,0,0,1,0,0,17,7,2,0,10,1,0,5,14,4,0,0,0,5,0,1,0,1,2,0,0,2,0,1,0,0,0,0,0,1,0,0,2,0,1,2,0,0,1,3,1,4,0,1,0,0,0,1,2,Italian
Eastchester-Edenwald-Baychester,0,1,5,0,0,0,0,0,0,0,0,0,0,0,0,0,0,0,15,0,4,0,0,0,1,0,0,0,0,0,0,0,1,0,0,0,0,0,0,0,0,0,0,0,0,0,0,1,0,0,0,0,0,0,0,0,2,0,0,0,0,0,0,0,0,0,0,0,0,0,0,0,0,0,0,0,0,0,0,0,0,0,0,0,0,0,0,0,0,0,0,0,Caribbean (General)
Elmhurst,0,0,4,0,4,0,2,0,0,1,0,0,2,0,1,1,0,2,0,0,37,12,0,0,3,0,0,0,5,0,0,0,0,1,0,1,7,1,0,0,3,3,0,7,7,0,0,20,0,2,2,32,3,0,0,0,4,0,0,0,0,7,0,0,1,0,0,0,0,0,0,1,0,0,0,0,0,0,2,0,0,2,1,0,14,0,0,0,0,0,0,1,Chinese
Elmhurst-Maspeth,0,0,0,0,1,0,2,0,0,1,0,0,0,0,1,0,0,3,0,0,15,1,0,0,0,0,0,0,1,0,0,0,1,0,0,0,9,0,0,0,3,0,1,0,6,3,0,1,0,1,0,2,0,0,0,0,1,0,2,0,0,0,0,0,0,0,0,0,0,0,0,1,0,0,0,0,0,0,1,0,0,0,4,0,9,0,0,0,0,0,1,5,Chinese
Erasmus,0,0,4,0,0,0,1,0,0,0,0,0,0,0,0,0,0,0,23,0,8,0,0,0,1,0,0,0,0,0,0,0,0,0,8,0,0,0,0,0,1,0,0,4,0,0,0,0,0,0,0,3,0,0,0,0,2,0,1,1,0,0,0,0,0,0,0,0,0,0,0,0,0,0,0,0,0,0,0,0,0,0,0,0,0,1,0,0,0,0,0,0,Caribbean (General)
Far Rockaway-Bayswater,0,0,4,0,0,0,0,0,0,0,0,0,0,0,0,0,0,0,5,0,7,0,0,0,1,0,0,0,0,0,0,0,0,0,0,0,0,0,0,0,0,0,0,0,0,0,0,1,0,0,0,4,0,0,0,0,2,0,0,1,0,0,0,0,0,0,0,0,0,0,0,0,0,0,0,0,0,1,0,0,0,0,0,0,0,0,0,0,0,0,0,0,Chinese
Flatbush,0,0,12,0,0,0,0,0,1,1,0,0,0,0,0,3,0,0,21,0,17,0,0,0,1,0,0,0,1,0,0,0,0,0,9,0,2,0,0,0,9,0,0,6,3,2,0,2,2,0,1,25,3,0,0,1,7,1,9,0,0,1,0,0,0,0,1,0,0,0,0,0,0,0,0,0,0,0,2,0,0,0,0,1,3,2,1,0,0,2,0,0,Mexican
Flatlands,1,0,3,0,0,0,3,0,0,0,0,0,0,0,0,0,0,1,12,0,15,0,0,0,0,0,0,0,0,0,0,0,0,0,4,0,0,0,0,0,1,0,0,6,1,0,0,0,0,0,0,5,0,0,0,0,1,0,0,0,0,0,0,0,0,0,0,0,0,0,0,0,0,0,0,1,0,0,0,0,0,0,0,0,2,1,0,0,0,0,0,1,Chinese
Flushing,1,0,3,0,0,0,22,0,0,0,0,0,0,0,0,3,0,18,0,0,244,2,0,0,0,0,0,0,1,0,0,0,0,1,0,0,0,0,0,0,3,0,0,2,24,40,0,1,0,3,1,6,0,0,2,0,2,0,0,1,0,2,0,0,0,0,0,0,0,0,0,16,0,0,0,0,0,0,0,0,0,33,21,0,5,0,0,0,0,2,0,7,Chinese
Fordham South,0,1,1,0,0,0,0,0,0,0,0,0,0,0,0,0,0,0,1,0,7,0,0,0,3,0,0,0,0,0,0,0,1,0,0,0,0,0,0,0,1,0,0,0,0,0,0,5,0,0,0,10,0,0,0,0,1,0,0,0,0,0,0,0,1,0,0,0,0,0,0,0,0,0,0,0,0,0,2,0,0,0,0,0,0,0,0,0,0,0,0,0,Mexican
Forest Hills,2,0,8,0,0,0,8,0,0,1,0,0,0,0,1,0,0,0,2,0,21,2,2,0,2,0,0,0,0,0,0,1,4,0,0,0,0,0,1,0,4,0,1,17,16,3,0,6,0,0,7,12,5,0,0,0,7,1,0,0,0,6,0,0,0,1,0,0,0,0,0,2,0,0,0,0,0,0,2,0,0,1,0,1,5,0,1,0,0,5,0,1,Chinese
Fort Greene,0,0,8,0,0,0,2,0,0,0,0,0,0,0,0,1,0,0,7,0,10,0,1,0,0,0,0,0,0,3,0,2,0,0,0,0,0,0,0,0,2,0,0,11,4,3,0,2,0,0,4,8,2,1,0,0,9,1,0,0,0,0,0,0,0,0,0,0,0,0,0,0,0,0,0,1,0,3,1,0,0,0,0,1,2,0,1,0,0,0,0,0,Italian
Fresh Meadows-Utopia,0,0,4,0,0,0,2,0,0,0,0,0,1,0,0,1,0,1,0,0,9,0,0,0,0,0,0,0,0,0,0,0,0,0,0,1,0,0,0,0,0,0,0,3,4,0,0,0,0,0,1,2,1,0,0,0,0,0,1,0,0,0,0,0,0,0,0,0,0,0,0,0,0,0,0,0,0,0,0,0,0,0,0,1,2,0,0,0,0,0,0,0,Chinese
Ft. Totten-Bay Terrace-Clearview,0,0,5,0,0,0,0,0,0,0,0,0,0,0,0,2,0,0,0,0,5,1,0,0,0,0,0,0,0,0,0,0,2,0,0,0,0,0,0,0,0,0,0,4,1,0,0,1,0,0,4,0,0,0,0,0,1,0,0,0,0,1,0,0,0,0,0,0,0,0,0,0,0,0,0,0,0,1,0,0,0,1,1,0,1,0,0,0,0,0,0,0,American
Georgetown-Marine Park-Bergen Beach-Mill Basin,0,0,7,0,0,0,0,0,0,0,0,0,0,0,0,2,0,0,3,0,6,0,0,0,0,0,0,0,0,0,0,0,0,0,0,0,0,0,0,0,0,0,1,7,4,0,0,0,0,0,0,4,0,0,0,0,2,1,0,0,0,0,0,0,0,0,0,0,0,0,0,0,0,0,0,0,0,0,0,0,0,0,1,0,1,0,0,0,0,0,0,0,American
Glen Oaks-Floral Park-New Hyde Park,2,0,3,0,0,0,1,0,0,0,0,0,0,0,0,0,0,0,0,0,4,0,0,0,1,0,0,0,0,0,0,0,1,0,0,0,0,0,0,0,14,0,0,1,0,0,0,0,0,0,1,6,0,0,0,0,2,0,1,0,0,0,0,1,0,0,0,0,0,0,0,0,0,0,0,0,0,0,1,0,0,0,0,1,0,0,0,0,0,0,0,1,Indian
Glendale,0,0,3,0,0,0,1,0,0,0,0,0,0,0,0,0,0,0,0,0,7,0,0,0,0,0,0,0,0,0,0,4,0,0,0,0,0,0,0,0,0,0,1,4,3,1,0,1,0,0,1,1,0,0,0,0,2,0,0,0,0,0,0,0,1,0,0,0,0,0,0,0,0,0,0,0,0,0,1,0,0,0,0,1,0,0,0,0,0,0,1,0,Chinese
Gramercy,0,0,13,0,0,0,3,1,0,0,0,0,0,2,0,0,0,1,0,0,15,0,0,0,0,0,0,0,1,2,1,1,1,0,0,0,2,0,0,0,21,0,1,16,7,5,0,2,0,0,8,14,1,2,0,0,14,0,4,0,0,0,0,0,0,0,0,0,0,0,0,0,0,0,0,0,0,3,2,0,0,2,0,2,7,0,3,0,0,0,0,1,Indian
Grasmere-Arrochar-Ft. Wadsworth,0,1,2,0,0,0,0,0,0,0,0,0,0,0,0,0,0,0,0,0,3,0,0,0,0,0,0,0,0,0,0,0,0,0,0,0,0,0,0,0,0,0,0,6,0,1,0,0,0,0,1,0,0,0,0,0,2,0,0,0,0,0,2,0,0,1,0,0,0,0,0,0,0,0,0,0,0,0,0,0,0,0,0,0,0,0,0,0,0,1,0,1,Italian
Gravesend,0,0,0,0,0,0,0,0,0,0,0,0,0,0,0,1,0,0,0,0,7,0,0,0,0,0,0,0,0,0,0,0,0,0,0,0,0,0,0,0,0,0,0,2,0,0,0,0,0,0,0,2,0,0,0,0,2,0,0,0,0,0,0,0,0,0,0,0,0,0,0,0,0,0,0,0,0,0,0,0,0,0,0,1,0,0,0,0,0,0,0,0,Chinese
Great Kills,0,0,5,0,0,0,1,0,0,0,0,0,0,0,0,0,0,1,0,0,6,0,0,0,0,0,0,0,0,0,0,0,0,0,0,0,0,0,0,0,0,0,1,13,4,1,0,0,0,0,1,4,0,0,0,0,2,0,0,0,0,0,0,0,0,1,0,0,0,0,0,0,0,0,0,0,0,0,1,0,0,1,0,1,0,0,1,0,1,0,0,2,Italian
Greenpoint,0,0,3,0,0,0,4,0,0,0,0,0,0,0,0,0,0,0,1,0,8,2,0,0,1,0,0,1,0,5,0,1,1,0,0,1,0,0,0,0,3,0,0,15,18,7,0,1,1,0,4,17,3,1,0,0,15,1,0,1,0,0,12,1,0,0,0,0,0,0,0,0,0,0,0,0,0,1,2,0,0,2,1,0,5,0,1,0,0,0,0,3,Japanese
Grymes Hill-Clifton-Fox Hills,0,0,1,0,0,0,0,0,0,0,0,0,0,0,0,0,0,0,0,0,1,0,0,0,0,0,0,0,0,0,0,0,0,0,0,0,0,0,0,0,1,0,0,1,0,0,0,1,0,0,1,0,1,0,0,0,0,0,1,0,0,0,0,0,0,0,0,0,0,0,0,0,0,0,0,0,0,0,1,0,0,0,0,0,0,0,0,0,0,0,0,0,American
Hamilton Heights,0,0,6,0,0,0,0,0,0,0,0,0,0,0,0,0,0,0,4,0,9,0,0,0,4,0,0,1,0,0,0,0,0,0,0,0,0,0,0,0,2,0,0,5,3,0,0,6,0,0,1,14,0,0,0,0,6,0,0,0,0,0,0,0,1,0,0,0,0,0,0,0,0,0,0,0,0,2,0,0,0,0,0,1,2,0,0,0,0,0,0,0,Mexican
Hammels-Arverne-Edgemere,0,0,2,0,0,0,0,0,0,0,0,0,0,0,0,0,0,0,3,0,4,0,0,0,0,0,0,0,0,1,0,0,1,0,0,1,0,0,0,0,0,0,0,2,0,0,0,0,0,0,2,1,1,0,0,0,1,0,0,0,0,1,0,0,0,1,0,0,0,0,0,0,0,0,0,0,0,0,1,0,0,0,0,1,1,0,0,0,0,1,0,0,Chinese
Highbridge,0,0,2,0,0,0,1,0,0,0,0,0,0,0,0,0,0,0,0,0,3,0,0,0,6,0,0,0,0,0,0,0,0,0,0,0,0,0,0,0,0,0,0,2,0,0,0,4,0,0,0,4,0,0,0,0,0,0,0,0,0,0,0,0,0,0,0,0,0,0,0,0,0,0,0,0,0,0,1,0,0,0,0,0,0,0,0,0,0,0,1,0,Dominican
Hollis,0,0,0,0,0,0,0,0,0,0,0,0,0,1,0,1,0,0,4,0,3,0,0,0,1,0,0,0,0,0,0,0,0,0,1,0,0,0,0,0,1,0,0,0,0,0,0,2,0,0,1,0,0,0,0,0,1,0,0,0,0,0,0,0,0,0,0,0,0,0,0,0,0,0,0,2,0,0,0,0,0,0,0,0,0,1,0,0,0,0,0,0,Caribbean (General)
Homecrest,0,0,3,1,0,1,3,0,0,0,0,0,0,0,0,0,0,0,0,0,8,0,0,0,0,0,0,0,0,1,3,0,0,0,0,0,0,0,0,0,0,0,0,5,7,0,0,0,0,0,5,9,7,7,0,0,3,0,0,0,0,1,0,0,0,11,0,0,0,0,0,0,0,0,0,0,0,0,0,0,0,0,0,1,1,0,2,0,1,4,0,2,Russian
Hudson Yards-Chelsea-Flatiron-Union Square,0,0,47,0,1,0,18,3,0,0,1,1,0,3,1,0,0,1,4,1,18,0,3,0,1,0,0,0,0,17,1,1,10,0,0,4,0,0,0,1,14,0,3,70,44,17,0,9,4,3,30,37,13,2,0,1,53,3,1,5,1,1,0,1,1,1,0,0,0,0,0,3,2,3,0,1,0,2,15,0,0,6,1,2,22,0,3,0,0,0,1,3,Italian
Hunters Point-Sunnyside-West Maspeth,1,0,17,0,2,0,13,0,0,1,0,0,0,0,0,1,0,0,3,0,26,9,1,1,1,0,0,0,4,5,0,0,3,0,0,0,8,0,0,0,18,0,6,24,21,20,0,18,1,1,11,37,1,3,0,0,16,1,0,0,0,7,0,0,0,0,0,0,0,0,0,1,0,1,0,0,0,2,0,0,0,5,5,0,9,0,3,0,0,0,0,2,Mexican
Hunts Point,0,1,2,0,0,0,0,0,0,0,0,0,0,0,0,0,0,0,2,0,5,0,0,0,4,0,0,0,0,0,0,0,0,0,0,0,0,0,0,0,0,0,0,0,0,0,0,6,0,0,0,9,0,0,0,0,1,0,0,0,0,0,0,0,0,0,0,0,0,0,0,0,0,0,0,0,0,0,1,0,0,0,0,0,0,0,0,0,0,0,0,0,Mexican
Jackson Heights,3,0,7,0,2,0,6,0,0,15,0,0,1,0,0,1,0,0,0,0,25,46,1,0,0,0,0,0,0,1,0,0,2,0,0,0,19,0,0,0,29,0,1,10,7,1,0,30,1,1,3,37,2,0,0,0,5,1,10,0,0,16,0,0,0,0,2,0,0,0,0,0,0,0,0,0,0,0,7,0,0,0,0,1,4,0,0,0,0,0,3,0,Colombian
Jamaica,3,1,6,0,0,0,1,0,0,6,0,0,0,0,0,1,0,0,26,0,25,3,0,0,3,0,0,0,0,0,0,0,0,0,2,0,0,0,0,0,8,0,1,2,5,0,0,9,0,0,1,14,1,0,0,0,4,0,1,0,0,1,0,3,0,0,9,0,0,0,0,0,0,0,0,4,0,1,10,0,0,0,0,0,2,0,1,0,0,0,0,0,Caribbean (General)
Jamaica Estates-Holliswood,0,0,3,0,0,0,1,0,0,1,0,0,0,0,0,2,0,0,1,0,10,1,0,0,0,0,0,0,0,0,0,0,0,0,0,0,0,0,0,0,1,0,0,1,3,0,0,0,0,0,0,2,1,0,0,0,0,0,0,0,0,0,0,0,0,0,0,0,0,0,0,0,0,0,0,0,0,0,0,0,0,0,0,0,1,0,0,0,0,0,0,0,Chinese
Kensington-Ocean Parkway,1,0,2,0,0,0,3,0,0,6,0,0,0,0,0,0,0,0,1,0,9,0,0,0,0,0,0,0,0,0,0,0,0,0,0,0,0,0,0,0,5,0,0,2,2,0,0,0,0,0,1,11,3,0,0,0,1,0,0,0,0,0,1,0,0,3,0,0,0,0,0,0,0,0,0,0,0,0,0,0,0,0,0,0,3,0,1,0,0,4,0,0,Mexican
Kew Gardens,0,0,1,0,0,0,0,0,0,0,0,0,0,0,0,0,0,0,0,0,4,1,0,0,0,0,0,0,0,0,0,0,0,0,0,0,0,0,0,0,4,0,0,6,1,0,0,2,0,0,0,2,0,0,0,0,2,0,0,0,0,1,0,0,0,0,0,0,0,0,0,0,0,0,0,0,0,0,0,0,0,0,0,1,1,0,0,0,0,0,0,0,Italian
Kew Gardens Hills,1,0,1,0,0,0,3,0,0,0,0,0,0,0,0,0,0,0,1,0,5,0,0,0,1,0,0,0,0,0,0,0,0,0,0,0,0,0,0,0,0,0,0,2,2,0,0,1,0,0,2,2,5,0,0,1,2,0,0,0,0,0,0,0,0,0,0,0,0,0,0,0,0,0,0,0,0,0,0,0,0,0,0,0,1,0,0,0,0,0,0,0,Chinese
Kingsbridge Heights,0,0,2,0,0,0,0,0,0,0,0,0,0,0,0,1,0,1,1,0,4,0,0,0,2,0,0,0,0,0,0,0,0,0,0,0,0,0,0,0,0,0,0,1,0,0,0,1,0,0,0,2,0,0,0,0,2,0,0,0,0,0,0,0,0,0,0,0,0,0,0,0,0,0,0,0,0,0,1,0,0,0,0,0,0,0,0,0,0,0,0,2,Chinese
Laurelton,0,0,0,0,0,0,1,0,0,0,0,0,0,0,0,2,0,0,15,0,3,0,0,0,0,0,0,0,0,0,0,0,0,0,2,0,0,0,0,0,0,0,0,0,0,0,0,0,0,0,0,1,0,0,0,0,0,0,0,0,0,0,0,0,0,0,0,0,0,0,0,0,0,0,0,3,0,2,0,0,0,0,0,0,0,0,0,0,0,0,0,0,Caribbean (General)
Lenox Hill-Roosevelt Island,1,0,13,0,0,0,5,0,0,0,0,1,0,2,0,0,0,2,2,0,13,1,2,1,0,0,0,0,2,3,1,0,5,0,0,0,0,0,0,0,6,0,2,29,20,1,0,1,1,0,9,14,2,0,0,0,9,0,0,0,2,1,0,0,0,0,0,0,0,0,0,0,0,0,0,0,0,1,1,0,0,2,0,1,7,0,1,0,0,0,0,1,Italian
Lincoln Square,0,1,15,0,0,0,4,0,0,0,0,1,0,0,0,0,0,0,1,0,6,0,1,0,0,0,0,0,0,12,0,0,4,0,0,0,0,0,0,0,3,0,0,20,14,2,0,2,0,0,6,13,4,0,0,1,17,1,0,1,0,1,0,0,0,0,0,0,0,0,0,0,0,0,0,2,0,0,0,0,0,0,0,0,1,0,3,0,0,0,0,2,Italian
Lindenwood-Howard Beach,0,0,2,0,0,0,1,0,0,0,0,0,0,0,0,1,0,0,0,0,4,0,0,0,0,0,0,0,0,0,0,0,1,0,0,0,0,0,0,0,0,0,0,8,3,0,0,0,0,0,1,2,0,0,0,0,0,0,0,0,0,0,0,0,0,0,0,0,0,0,0,0,0,0,0,0,0,0,1,0,0,1,0,0,1,0,0,0,0,0,0,0,Italian
Longwood,0,0,0,0,0,0,1,0,0,0,0,0,0,0,0,0,0,0,0,0,7,0,0,0,1,0,0,0,0,0,0,0,0,0,0,0,0,1,0,0,0,0,0,0,0,0,0,2,0,0,0,10,0,0,0,0,1,1,0,0,0,0,0,0,1,0,0,0,0,0,0,0,0,0,0,0,0,0,3,0,0,0,0,0,0,0,0,0,0,0,0,0,Mexican
Lower East Side,0,0,13,0,0,0,8,0,0,0,1,0,0,0,0,0,0,2,0,0,12,0,1,0,5,0,0,0,1,2,0,0,1,0,0,0,0,0,0,0,1,0,0,8,6,0,0,4,1,1,0,5,3,1,0,0,6,1,0,1,0,0,0,0,2,0,0,0,0,0,0,1,0,0,0,1,0,1,3,0,0,0,0,1,7,0,0,1,0,0,0,2,American
Madison,0,0,2,0,0,0,0,0,0,0,0,0,0,0,0,0,0,1,0,0,8,0,0,0,0,0,0,0,0,0,2,0,2,0,0,0,0,0,0,0,0,0,0,3,9,0,0,0,0,0,4,3,3,0,0,0,1,0,0,0,0,0,0,0,0,1,0,0,0,0,0,0,0,0,0,0,0,0,0,0,0,0,0,0,0,0,4,0,0,3,0,1,Japanese
Manhattanville,0,0,5,0,0,0,2,0,0,0,0,0,0,0,0,0,0,0,2,0,4,0,0,0,1,1,0,0,0,2,0,0,0,0,0,1,0,0,0,0,0,0,0,1,2,0,0,2,0,0,1,6,1,0,0,0,0,0,0,0,0,0,0,0,0,0,0,0,0,0,0,0,0,0,0,0,0,2,1,0,0,0,0,0,1,0,0,0,0,0,0,0,Mexican
Marble Hill-Inwood,0,0,2,0,0,0,1,0,0,0,0,0,0,0,0,0,0,0,1,0,6,0,2,0,14,0,0,1,1,0,0,0,0,0,0,0,0,0,0,0,1,0,0,6,2,0,0,18,0,0,0,22,1,0,0,0,6,0,0,0,0,0,0,0,0,0,0,0,0,0,0,0,0,0,0,0,0,0,6,0,0,0,0,1,2,0,0,0,0,0,2,0,Mexican
Mariner's Harbor-Arlington-Port Ivory-Graniteville,0,0,5,0,0,0,0,0,0,0,0,0,0,0,0,0,0,1,0,0,2,1,0,0,2,0,0,0,0,0,0,0,0,0,0,0,0,0,0,0,0,0,0,4,2,1,0,0,0,0,1,2,0,0,0,0,2,0,0,0,0,2,1,0,0,0,0,0,0,0,0,0,0,0,0,1,0,0,2,0,0,0,0,0,0,0,1,0,0,0,0,0,American
Maspeth,0,0,3,0,0,0,1,0,0,0,0,0,0,0,0,1,0,0,0,0,11,0,0,0,2,0,0,0,0,0,0,0,1,0,0,0,0,0,0,0,1,0,2,7,3,0,0,5,0,0,1,4,0,0,0,0,2,1,0,0,0,3,1,0,0,0,0,0,0,0,0,0,0,0,0,0,0,0,1,0,0,0,0,0,0,0,0,0,0,0,1,0,Chinese
Melrose South-Mott Haven North,0,0,4,0,0,0,1,0,0,0,0,0,0,0,0,0,0,0,3,0,6,0,0,0,1,0,0,0,0,0,0,0,0,0,0,0,0,0,0,0,0,0,0,1,0,0,0,4,0,0,0,13,0,0,0,0,0,0,0,0,0,0,0,0,4,0,1,0,0,0,0,0,0,0,0,1,0,0,4,0,0,0,0,0,0,0,0,0,0,0,0,0,Mexican
Middle Village,0,0,3,0,1,0,0,0,0,0,0,0,0,0,0,0,0,0,0,0,6,3,0,0,0,0,0,0,1,0,0,0,1,0,0,0,0,0,0,0,1,0,0,6,3,0,0,2,0,0,2,3,1,0,0,0,1,0,0,0,0,2,0,0,0,0,0,0,0,0,0,0,0,0,0,0,0,0,0,0,0,1,0,2,4,0,1,0,0,1,0,0,Chinese
Midtown-Midtown South,0,5,99,0,3,0,30,2,0,1,0,2,4,2,0,1,0,8,6,0,32,2,9,0,1,0,0,0,4,35,1,1,17,0,0,2,1,0,0,0,25,1,21,114,68,107,0,11,7,1,43,56,13,1,0,1,145,2,5,3,3,1,1,0,0,3,0,0,3,0,0,6,0,11,0,2,0,2,4,0,0,13,1,2,9,0,5,0,0,1,0,5,New American
Midwood,0,0,2,0,0,0,1,0,0,0,0,0,0,0,0,0,0,0,0,0,5,0,0,0,0,0,0,0,0,0,1,0,0,0,0,0,0,0,0,0,0,0,0,2,4,0,0,0,0,0,2,3,2,1,0,0,1,0,0,0,0,0,0,0,0,1,0,0,0,0,0,0,0,0,0,0,0,0,0,0,0,0,0,1,0,0,0,0,0,0,0,0,Chinese
Morningside Heights,0,1,5,0,0,1,3,0,0,1,0,0,0,0,0,2,0,0,2,0,13,0,0,0,1,0,1,2,0,2,0,0,2,0,0,1,0,0,1,0,5,0,0,12,4,0,0,2,0,0,4,13,3,0,0,0,5,0,2,1,0,0,0,0,0,0,0,0,0,0,1,0,0,0,0,4,0,2,0,0,0,0,0,0,4,0,0,0,0,0,0,2,Chinese
Morrisania-Melrose,0,3,2,0,0,0,0,0,0,0,0,0,0,0,0,0,0,0,6,0,7,0,0,0,1,0,0,0,0,1,0,0,0,0,0,0,0,0,0,0,0,0,0,1,0,0,0,4,0,0,0,5,0,0,0,0,0,0,0,0,0,0,0,0,0,0,0,0,0,0,0,0,0,0,0,0,0,1,1,0,0,0,0,0,0,0,0,0,0,0,0,0,Chinese
Mott Haven-Port Morris,0,0,9,0,0,0,1,0,0,0,0,0,0,0,0,1,0,0,1,0,8,0,0,0,2,0,0,0,0,1,0,0,0,0,0,1,0,0,0,0,0,0,0,7,1,0,0,6,0,0,0,27,0,0,0,0,3,0,0,0,0,2,0,0,0,0,0,0,0,0,0,0,0,0,0,0,0,1,4,0,0,0,0,0,1,0,0,0,0,0,0,0,Mexican
Mount Hope,0,3,1,0,0,0,0,0,0,0,0,0,0,0,0,0,0,0,3,0,6,0,0,0,1,0,0,0,0,0,0,0,0,0,0,0,0,0,0,0,0,0,0,0,0,0,0,2,0,0,1,5,0,0,0,0,1,0,0,0,0,0,0,0,0,0,0,0,0,0,0,0,0,0,0,0,0,0,4,0,0,0,0,0,0,0,0,0,0,0,0,0,Chinese
Murray Hill,0,0,1,0,0,0,5,0,0,0,0,0,0,0,0,0,0,3,0,0,13,1,0,0,0,0,0,0,0,0,0,0,1,0,0,0,0,0,0,0,0,0,0,1,5,111,0,0,0,0,1,1,0,0,0,0,2,0,0,0,0,0,0,0,0,0,0,0,0,0,0,0,0,0,0,0,0,0,1,0,0,0,0,0,4,0,0,0,0,0,0,2,Korean
Murray Hill-Kips Bay,0,1,21,0,0,0,10,1,0,0,2,0,0,1,0,2,0,2,4,0,12,0,2,0,0,0,0,0,0,2,0,0,3,0,0,1,0,0,0,0,13,0,5,25,19,8,0,2,1,0,15,20,4,1,0,1,22,0,2,1,1,2,0,0,0,0,0,0,0,0,0,2,0,0,0,0,0,0,3,0,0,3,0,1,7,0,4,0,0,0,0,3,Italian
New Brighton-Silver Lake,0,0,6,0,0,0,0,0,0,0,0,0,0,0,0,0,0,0,0,0,4,0,0,0,0,0,0,0,0,0,0,0,0,0,1,1,0,0,0,0,1,0,1,6,2,0,0,1,0,0,0,4,0,0,0,0,2,0,0,0,0,0,0,0,0,0,0,0,0,0,0,0,0,0,0,0,0,1,1,2,0,0,0,1,1,0,0,0,0,0,0,0,American
New Dorp-Midland Beach,0,0,4,0,0,1,0,0,0,0,0,0,0,0,0,1,0,2,0,0,8,0,0,0,0,0,0,0,0,0,0,0,0,0,0,1,0,0,0,0,1,0,0,9,5,0,0,0,0,0,1,7,0,0,0,0,1,0,0,0,0,1,0,0,0,2,0,0,0,0,0,0,0,0,0,0,0,0,1,0,0,0,0,2,0,0,0,0,0,0,0,2,Italian
New Springville-Bloomfield-Travis,0,0,8,0,0,0,2,0,0,0,0,0,0,0,0,0,0,0,0,0,9,0,0,0,0,0,0,0,1,0,0,0,3,0,0,0,0,0,0,0,1,0,0,13,4,0,0,0,0,0,3,4,0,0,0,0,5,1,0,0,0,0,1,0,0,0,0,0,0,0,0,0,0,0,0,0,0,0,1,1,0,0,0,1,0,0,0,0,0,0,0,1,Italian
North Corona,0,0,2,0,0,0,2,0,0,0,0,0,0,0,0,0,0,0,0,0,13,6,0,0,16,0,0,0,0,0,0,0,0,0,0,0,0,0,0,0,1,0,0,7,2,0,0,24,0,0,0,33,0,0,0,0,3,0,0,0,0,2,0,0,0,0,0,0,0,0,0,0,0,0,0,0,0,0,8,0,0,0,0,0,0,0,0,0,0,0,0,0,Mexican
North Riverdale-Fieldston-Riverdale,0,0,3,0,0,0,0,0,0,0,0,0,0,0,0,0,0,0,0,0,3,0,0,0,0,0,0,0,0,0,0,0,0,0,0,0,0,0,0,0,0,0,2,3,2,0,0,2,0,0,0,2,0,0,0,0,0,0,0,0,0,0,0,0,0,0,0,0,0,0,0,0,0,0,0,0,0,0,0,0,0,0,0,0,0,0,0,0,0,0,0,0,American
North Side-South Side,1,0,25,0,0,0,8,2,0,0,0,0,2,0,0,2,0,1,6,0,11,0,0,0,4,0,0,0,0,8,1,1,0,0,0,2,0,0,0,0,7,1,0,23,17,6,0,10,0,0,17,48,12,0,0,3,33,2,1,2,1,3,0,1,3,0,0,1,1,0,0,4,0,0,0,0,0,2,4,0,0,2,3,1,7,0,1,0,0,0,1,8,Mexican
Norwood,0,0,1,0,0,0,0,0,0,0,0,0,0,0,0,0,0,0,3,0,9,0,1,0,4,0,0,0,0,0,0,0,0,0,0,0,0,0,0,0,1,0,0,4,0,0,0,2,0,0,0,11,2,0,0,0,2,1,1,0,0,0,0,0,0,0,0,0,0,0,0,0,0,0,0,0,0,0,4,0,0,0,0,0,0,0,0,0,0,0,0,0,Mexican
Oakland Gardens,0,0,1,0,0,0,0,0,0,0,0,0,0,0,0,0,0,0,0,0,11,0,0,0,0,0,0,0,0,0,0,0,1,0,0,0,0,0,0,0,0,0,0,5,4,7,0,0,0,0,0,0,0,0,0,0,0,0,0,0,1,0,0,0,0,0,0,0,0,0,0,1,0,0,0,0,0,0,0,0,0,0,3,0,1,0,0,0,0,0,0,0,Chinese
Oakwood-Oakwood Beach,0,0,2,0,0,0,0,0,0,0,0,0,0,0,0,0,0,0,0,0,2,0,0,0,0,0,0,0,0,0,0,0,1,0,0,0,0,0,0,0,0,0,0,1,0,0,0,0,0,0,0,2,0,0,0,0,0,0,0,1,0,0,0,0,0,0,0,0,0,0,0,0,0,0,0,0,0,0,0,0,0,0,0,0,0,0,0,0,0,0,0,0,American
Ocean Hill,0,2,0,0,0,0,0,0,0,0,0,0,0,0,0,0,0,0,6,0,6,0,0,0,0,0,0,0,0,0,0,0,0,0,0,0,0,0,0,0,0,0,0,0,0,0,0,0,0,0,0,3,1,0,0,0,2,0,0,0,0,0,0,0,0,0,0,0,0,0,0,0,0,0,0,1,0,0,0,0,0,1,0,0,0,0,0,0,0,0,0,0,Caribbean (General)
Ocean Parkway South,0,0,1,0,0,0,0,0,0,0,0,0,0,0,0,0,0,0,0,0,2,0,0,0,0,0,0,0,0,0,0,0,0,0,0,0,0,0,0,0,0,0,0,1,0,0,0,0,0,0,0,1,1,0,0,0,0,0,0,0,0,0,0,0,0,0,0,0,0,0,0,0,0,0,0,0,0,0,0,0,0,0,0,0,0,0,0,0,0,1,0,0,Chinese
Old Astoria,0,0,3,0,0,0,0,0,0,0,0,0,0,0,0,0,0,0,1,0,6,1,1,0,0,0,0,0,1,0,0,0,7,0,0,0,0,0,0,0,2,0,0,7,1,0,0,1,0,0,8,10,1,1,0,0,3,1,1,0,0,0,0,0,0,0,0,0,0,0,0,0,0,0,0,1,0,0,0,0,0,0,0,0,0,0,0,0,0,0,0,0,Mexican
Old Town-Dongan Hills-South Beach,0,0,1,0,0,0,0,0,0,0,0,0,0,0,0,0,0,0,0,0,6,0,0,0,0,0,0,0,0,0,0,0,1,0,0,0,0,0,0,0,1,0,0,7,2,0,0,0,0,0,4,1,2,1,0,0,3,0,0,0,0,0,0,0,0,0,0,0,0,0,0,0,0,0,0,0,0,0,0,0,0,0,0,0,0,0,3,0,0,0,0,0,Italian
Ozone Park,1,0,3,0,0,0,1,0,0,0,0,0,0,0,0,0,0,0,2,0,8,1,0,0,1,0,0,0,0,0,0,0,0,0,0,0,0,0,0,0,0,0,0,5,0,0,0,1,0,0,0,3,1,0,0,0,3,0,0,1,0,3,0,0,0,0,0,0,0,0,0,0,0,0,0,0,0,0,2,0,0,0,0,0,1,0,0,0,0,0,0,0,Chinese
Park Slope-Gowanus,0,1,20,0,0,0,9,0,0,0,0,0,0,0,0,2,0,0,10,0,21,3,0,0,0,1,0,1,0,5,0,0,4,0,0,1,1,0,0,0,8,1,1,38,17,4,0,12,1,0,8,34,3,1,0,0,16,1,0,1,0,1,1,0,1,0,1,0,0,0,0,1,0,0,1,1,0,1,2,0,0,1,0,4,14,0,2,0,0,0,0,9,Italian
Parkchester,0,0,2,0,0,0,0,0,0,4,0,0,0,0,0,1,0,0,1,0,7,0,0,0,3,0,0,0,1,0,0,0,0,0,0,0,0,0,0,0,4,0,0,2,0,0,0,2,0,0,0,2,0,0,0,0,1,0,0,0,0,0,0,0,1,0,0,0,0,0,0,0,0,0,0,1,0,0,1,0,0,0,0,0,0,0,0,0,0,0,0,0,Chinese
Pelham Bay-Country Club-City Island,0,0,10,0,0,0,0,0,0,0,0,0,0,0,0,1,0,0,0,0,7,0,0,0,0,0,0,0,0,0,0,0,2,0,0,0,0,0,0,0,0,0,1,9,2,0,0,2,0,0,0,4,0,0,0,0,5,0,0,0,0,0,0,0,0,0,0,0,0,0,0,0,0,0,0,0,0,0,1,0,0,0,0,1,1,0,0,0,0,0,0,0,American
Pelham Parkway,0,0,1,0,0,0,0,0,0,0,0,0,0,0,0,1,0,0,1,0,9,1,0,0,0,0,0,0,0,0,0,0,1,0,0,0,0,0,0,0,0,0,0,5,3,0,0,1,0,0,1,5,0,0,0,0,2,0,0,0,0,0,0,0,0,0,0,0,0,0,0,0,0,0,0,0,0,0,0,0,0,0,0,1,1,0,0,0,0,0,0,0,Chinese
Pomonok-Flushing Heights-Hillcrest,3,0,1,0,0,0,2,0,0,0,0,0,0,0,0,0,0,1,0,0,4,1,0,0,0,0,0,0,2,0,0,0,0,0,0,0,0,0,0,0,0,0,0,4,2,1,0,0,0,0,0,1,1,0,0,0,1,0,0,0,0,0,0,0,0,0,0,0,0,0,0,0,0,0,0,0,0,0,0,0,0,0,0,0,3,0,0,0,0,0,0,0,Chinese
Port Richmond,0,0,4,0,1,0,1,0,0,0,0,0,0,0,0,0,0,2,1,0,5,0,0,0,0,0,0,0,0,0,0,0,1,0,0,0,0,0,0,0,1,0,1,4,0,0,0,0,0,0,1,15,1,0,0,0,2,0,0,0,0,0,0,0,0,0,0,0,0,0,0,0,0,0,0,0,0,0,1,0,0,0,0,1,0,0,0,0,0,0,0,0,Mexican
Prospect Heights,0,0,2,0,0,0,6,0,0,0,0,0,0,0,0,1,0,0,5,0,3,0,0,0,2,0,0,0,0,1,0,0,1,0,1,0,0,0,0,0,5,0,0,4,7,2,0,1,0,0,4,8,1,0,0,0,12,0,0,0,1,0,0,0,0,0,0,0,0,0,0,0,0,0,0,1,0,3,0,0,0,0,1,2,10,0,1,0,0,0,0,1,New American
Prospect Lefferts Gardens-Wingate,0,1,4,0,0,0,1,0,0,0,0,0,0,0,0,1,0,0,29,0,19,0,0,0,1,0,0,0,0,1,0,0,0,0,6,0,0,0,0,0,3,0,0,3,3,1,0,3,0,0,0,3,3,0,0,0,6,0,1,1,0,0,0,0,0,0,0,0,0,0,0,0,0,0,0,2,0,0,1,0,0,0,0,0,4,2,0,0,0,0,0,0,Caribbean (General)
Queens Village,0,0,2,0,0,0,0,0,0,0,0,0,0,0,0,1,0,0,12,0,15,0,0,0,2,0,0,0,1,0,0,0,0,0,11,0,0,0,0,0,4,0,0,2,0,0,0,2,0,0,0,2,0,0,0,0,1,0,0,0,0,0,0,1,0,0,0,0,0,0,0,0,0,0,0,1,0,1,3,0,0,0,0,0,0,0,0,0,0,0,0,0,Chinese
Queensboro Hill,0,0,0,0,1,0,1,0,0,0,0,0,0,0,0,0,0,3,0,0,10,0,0,0,0,0,0,0,0,0,0,0,0,0,0,0,0,0,0,0,0,0,0,0,1,0,0,0,0,0,0,1,0,0,0,0,0,0,0,0,0,0,0,0,0,0,0,0,0,0,0,0,0,0,0,0,0,0,0,0,0,0,1,0,0,0,0,0,0,0,0,0,Chinese
Queensbridge-Ravenswood-Long Island City,0,0,4,0,0,0,0,0,0,2,0,0,1,0,0,0,0,0,1,0,5,0,1,0,2,0,0,1,0,1,0,0,3,0,0,0,0,0,0,0,4,0,0,4,2,0,0,5,0,0,4,7,1,0,0,1,3,0,1,0,0,1,0,0,0,0,0,0,0,0,0,0,0,0,0,0,0,0,1,0,0,0,0,0,3,0,0,0,0,0,0,1,Mexican
Rego Park,0,0,2,0,0,0,2,0,0,0,0,0,0,0,0,1,0,0,0,0,7,0,0,0,0,0,0,0,0,0,1,0,0,0,0,0,0,0,0,0,2,0,0,2,5,1,0,0,0,0,3,3,1,0,0,0,0,0,0,0,0,1,0,0,0,1,0,0,0,0,0,0,0,0,0,0,0,0,0,0,0,0,0,1,2,0,1,0,0,5,0,0,Chinese
Richmond Hill,0,0,6,0,0,0,0,0,0,1,0,0,0,0,0,0,0,0,8,0,14,1,0,0,4,0,0,0,0,0,0,0,1,0,0,0,0,0,0,0,20,0,0,2,0,0,0,7,0,0,1,7,1,0,0,0,1,0,5,0,0,4,0,0,1,0,0,0,0,0,0,0,0,0,0,0,0,1,3,1,0,0,0,1,1,0,0,0,0,0,0,0,Indian
Ridgewood,0,0,7,0,0,0,3,0,0,0,0,0,0,0,0,1,0,0,2,0,18,2,1,0,7,1,0,0,0,1,0,3,1,0,0,0,2,0,0,0,3,0,0,9,9,1,0,17,0,0,4,28,0,0,0,0,8,2,0,0,0,3,3,0,0,0,1,0,0,0,0,0,1,0,0,0,0,0,7,0,0,0,0,3,5,0,0,0,1,0,1,1,Mexican
Rosedale,0,0,2,0,0,0,0,0,0,0,0,0,0,0,0,0,0,0,7,0,4,0,0,0,0,0,0,0,0,0,0,0,0,0,0,0,0,0,0,0,0,0,0,0,0,0,0,0,0,0,1,0,1,0,0,0,1,0,0,0,0,0,0,0,0,0,0,0,0,0,0,0,0,0,0,1,0,0,1,0,0,0,0,0,0,0,0,0,0,0,0,0,Caribbean (General)
Rossville-Woodrow,0,0,1,0,0,0,0,0,0,0,0,0,0,0,0,0,0,1,0,0,1,0,0,0,0,0,0,0,0,0,0,0,0,0,0,0,0,0,0,0,0,0,0,5,0,0,0,0,0,0,0,1,0,0,0,0,0,0,0,0,0,0,0,0,0,0,0,0,0,0,0,0,0,0,0,0,0,0,0,0,0,1,0,0,0,0,0,0,0,0,0,0,Italian
Rugby-Remsen Village,0,1,1,0,0,0,0,0,0,0,0,0,0,0,0,0,0,0,25,0,7,0,0,0,0,0,0,0,0,0,0,0,0,0,3,0,0,0,0,0,0,0,0,1,0,0,0,0,0,0,0,1,0,0,0,0,2,0,0,0,0,0,0,0,0,0,0,0,0,0,0,0,0,0,0,1,0,0,0,0,0,0,0,0,0,1,0,0,0,0,0,0,Caribbean (General)
Schuylerville-Throgs Neck-Edgewater Park,0,0,7,0,0,0,1,0,0,0,0,0,0,0,0,1,0,0,1,0,12,0,1,0,3,0,0,0,0,0,0,1,0,0,0,0,0,0,0,0,0,0,0,6,3,0,0,8,0,0,1,2,0,0,0,0,5,0,0,0,0,0,0,0,4,0,0,0,0,0,0,0,0,0,0,0,0,0,1,0,0,0,0,0,0,0,0,0,0,0,0,0,Chinese
Seagate-Coney Island,0,0,6,0,0,0,0,0,0,0,0,0,0,0,0,1,0,0,2,0,4,0,0,0,0,0,0,0,0,0,0,0,1,0,0,0,0,0,0,0,0,0,0,3,0,0,0,2,0,0,1,6,0,0,0,0,1,0,0,0,0,0,0,0,0,0,0,0,0,0,0,0,0,0,0,0,0,0,0,0,0,0,0,0,0,0,0,0,0,0,0,1,American
Sheepshead Bay-Gerritsen Beach-Manhattan Beach,0,0,7,0,0,0,8,0,0,0,0,0,0,0,0,0,0,0,1,0,15,0,0,0,0,0,0,0,0,3,4,0,1,0,0,0,0,0,0,0,0,0,0,6,10,0,0,0,0,1,6,4,4,5,0,0,7,0,0,0,0,0,0,0,0,6,0,0,0,0,0,0,0,0,0,0,0,0,0,0,0,0,0,2,2,0,6,0,1,3,0,0,Chinese
SoHo-TriBeCa-Civic Center-Little Italy,0,1,35,0,2,0,7,1,0,2,1,0,1,0,0,2,0,9,3,0,30,0,3,0,0,1,0,0,2,25,0,0,9,0,0,3,0,0,0,0,14,1,1,105,45,7,1,7,0,1,26,31,7,2,0,5,52,0,2,2,0,2,0,1,0,0,0,0,0,0,0,2,0,0,0,0,0,1,8,0,0,1,6,1,9,0,5,1,1,0,0,9,Italian
Soundview-Bruckner,0,0,4,0,0,0,1,0,0,1,0,0,0,0,0,0,0,0,0,0,9,0,0,0,1,0,0,0,0,0,0,0,0,0,0,0,0,0,0,0,0,0,0,0,0,0,0,3,0,0,1,10,0,0,0,0,0,0,0,0,0,0,0,0,3,0,1,0,0,0,1,0,0,0,0,1,0,0,4,0,0,0,0,0,0,0,0,0,0,0,0,0,Mexican
Soundview-Castle Hill-Clason Point-Harding Park,0,0,3,0,0,0,0,0,0,0,0,0,0,0,0,1,0,0,1,0,5,0,1,0,1,0,0,0,0,0,0,0,0,0,0,0,0,0,0,0,0,0,0,0,1,0,0,0,0,0,0,3,0,0,0,0,0,0,0,0,0,0,0,0,1,0,0,0,0,0,0,0,0,0,0,0,0,0,2,0,0,0,0,0,0,0,0,0,0,0,0,0,Chinese
South Jamaica,0,0,4,0,0,0,0,0,0,0,0,0,0,0,0,0,0,0,5,0,4,0,0,0,1,0,0,0,0,0,0,0,0,0,0,0,0,0,0,0,0,0,0,0,0,0,0,2,0,0,0,0,0,0,0,0,0,0,0,0,0,0,0,0,0,0,0,0,0,0,0,0,0,0,0,4,0,0,1,0,0,0,0,0,0,0,0,0,0,0,0,0,Caribbean (General)
South Ozone Park,0,0,7,0,0,0,2,0,0,0,0,0,0,0,0,2,0,1,34,0,31,1,0,0,2,0,0,0,0,0,0,0,0,0,0,0,0,0,0,0,17,0,0,6,1,0,0,2,0,0,1,1,5,0,0,0,6,0,1,0,0,0,0,0,0,0,0,0,0,0,0,0,0,0,0,1,0,0,4,0,0,0,0,0,1,10,0,0,0,0,0,0,Caribbean (General)
Springfield Gardens North,0,3,3,0,0,0,0,0,0,0,0,0,0,0,0,0,0,0,4,0,6,0,0,0,0,0,0,0,0,0,0,0,0,0,0,0,0,0,0,0,1,0,0,0,0,0,0,0,0,0,0,0,0,0,0,0,0,0,0,0,0,0,0,0,0,0,0,0,0,0,0,0,0,0,0,1,0,0,0,0,0,0,0,0,0,0,0,0,0,0,0,0,Chinese
Springfield Gardens South-Brookville,0,0,1,0,0,0,0,0,0,0,0,0,0,0,0,0,0,0,7,0,5,0,0,0,0,0,0,0,0,0,0,0,0,0,0,0,0,0,0,0,0,0,0,0,0,0,0,0,0,0,0,1,0,0,0,0,0,0,0,0,0,0,0,0,0,0,0,0,0,0,0,0,0,0,0,2,0,0,0,0,0,0,0,0,0,0,0,0,0,0,0,0,Caribbean (General)
Spuyten Duyvil-Kingsbridge,0,0,9,0,0,0,3,0,0,1,0,0,0,0,0,1,0,0,2,0,8,0,0,0,4,0,0,0,0,0,0,0,1,0,0,0,0,0,0,0,4,0,0,4,5,0,0,2,0,0,0,12,0,0,0,0,1,1,0,0,0,1,0,0,0,0,0,0,0,0,0,0,0,0,0,0,0,0,2,0,0,0,0,0,3,0,0,0,0,0,1,1,Mexican
St. Albans,0,0,4,0,0,0,0,0,0,0,0,0,0,0,0,0,0,1,12,0,7,0,0,0,0,0,0,0,0,0,0,0,0,0,1,0,0,0,0,0,2,0,0,0,0,0,0,1,0,0,0,0,0,0,0,0,1,0,0,0,0,0,0,0,0,0,0,0,0,0,0,0,0,0,0,5,0,1,0,0,0,1,0,0,0,0,1,0,0,0,0,0,Caribbean (General)
Stapleton-Rosebank,0,1,8,0,0,0,0,0,0,0,0,0,0,0,0,1,0,0,2,0,7,0,0,0,0,0,0,0,1,0,0,0,0,0,0,0,0,0,0,0,0,0,0,9,1,0,0,0,0,0,1,12,0,0,0,0,3,0,0,0,0,0,0,0,1,0,0,0,0,0,0,0,0,0,0,1,0,1,3,3,0,0,0,2,0,0,0,0,0,0,0,0,Mexican
Starrett City,0,0,2,0,0,0,0,0,0,0,0,0,0,0,0,0,0,0,1,0,2,0,0,0,0,0,0,0,0,0,0,0,0,0,0,0,0,0,0,0,0,0,0,0,1,0,0,0,0,0,0,0,0,0,0,0,0,0,0,0,0,0,0,0,0,0,0,0,0,0,0,0,0,0,0,0,0,0,0,0,0,0,0,0,0,0,0,0,0,0,0,0,American
Steinway,1,0,7,0,0,0,2,1,0,0,0,0,1,0,0,0,0,0,0,0,7,2,0,1,0,0,0,0,0,1,0,0,26,0,0,0,0,0,0,0,2,0,0,18,6,0,0,3,0,0,12,5,3,3,0,0,7,0,0,0,0,1,0,0,0,0,0,0,0,0,0,0,0,0,1,0,0,1,1,0,0,0,0,1,2,0,0,0,0,0,0,0,Greek
Stuyvesant Heights,0,2,4,0,0,0,4,0,0,0,0,0,0,0,0,2,0,0,9,0,12,0,0,0,1,0,0,0,0,2,0,0,0,0,2,0,0,0,0,0,1,0,0,4,1,0,0,6,0,0,0,5,0,0,0,0,2,0,0,0,0,0,0,1,0,0,0,0,0,0,0,0,1,0,0,5,0,2,5,0,0,0,0,1,2,0,0,0,0,0,1,0,Chinese
Stuyvesant Town-Cooper Village,0,0,0,0,0,0,1,0,0,0,0,0,0,0,0,0,0,0,0,0,0,0,0,0,0,0,0,0,0,0,0,0,0,0,0,0,0,0,0,0,0,0,0,1,1,0,0,0,0,0,0,1,0,0,0,0,0,0,0,0,0,1,0,0,0,0,0,0,0,0,0,0,0,0,0,0,0,0,0,0,0,0,0,0,0,0,0,0,0,0,0,0,Asian Fusion
Sunset Park East,0,0,4,0,0,0,3,0,0,0,0,0,0,0,0,0,0,13,1,0,98,2,0,0,0,0,0,0,0,0,0,0,0,1,0,2,0,0,0,0,0,0,0,1,5,2,0,4,0,3,0,23,1,0,0,0,3,1,0,0,0,0,0,0,0,0,1,0,0,0,0,1,0,0,0,0,0,0,1,0,0,10,7,1,1,0,1,0,0,0,0,6,Chinese
Sunset Park West,0,0,9,0,0,0,0,0,0,0,0,0,0,0,0,0,0,0,3,0,12,2,0,0,1,0,0,0,0,0,0,1,1,0,0,0,0,0,0,0,1,0,0,7,7,2,0,16,0,0,0,38,4,0,0,0,2,0,0,0,0,4,0,0,1,0,6,0,0,0,0,0,0,0,0,1,0,0,9,0,0,0,0,1,1,0,1,0,0,0,0,1,Mexican
Todt Hill-Emerson Hill-Heartland Village-Lighthouse Hill,0,0,4,0,0,0,2,0,0,0,0,0,0,0,0,0,0,1,0,0,5,0,0,0,0,0,0,0,0,0,0,0,0,0,0,0,0,0,0,0,0,0,0,11,3,0,0,0,0,0,0,5,0,0,0,0,0,0,0,1,0,0,0,0,0,0,0,0,0,0,0,0,0,0,0,0,0,0,1,0,0,1,0,0,1,0,0,0,0,0,0,0,Italian
Turtle Bay-East Midtown,0,3,45,0,0,0,20,0,0,0,1,0,0,0,0,1,0,1,7,0,20,0,1,0,0,0,0,0,0,14,1,2,9,0,0,1,2,0,0,0,16,0,3,38,50,6,0,3,4,0,21,22,7,0,0,1,36,0,2,0,0,2,0,0,0,0,0,0,0,0,0,0,0,0,0,0,0,0,2,0,0,2,2,2,19,0,3,0,1,0,1,7,Japanese
University Heights-Morris Heights,0,1,2,0,0,0,0,0,0,0,0,0,0,0,0,0,0,0,1,0,7,0,0,0,4,0,0,0,0,0,0,0,0,0,0,0,0,0,0,0,0,0,0,1,0,0,0,9,0,0,0,4,0,0,0,0,2,0,0,0,0,0,0,0,0,0,0,0,0,0,0,0,0,0,0,0,0,0,1,0,0,0,0,0,0,0,0,0,0,0,0,0,Latin American (General)
Upper East Side-Carnegie Hill,0,0,20,0,0,0,6,0,2,0,0,0,0,0,0,1,0,0,0,0,7,0,0,0,0,0,0,0,0,17,0,1,10,0,0,0,0,0,0,0,1,0,1,47,9,1,0,0,0,0,12,8,3,0,0,0,16,0,0,0,0,0,0,0,0,0,0,0,0,0,0,1,1,0,0,0,1,0,0,0,0,2,0,1,3,0,1,0,0,0,0,1,Italian
Upper West Side,0,0,25,0,0,0,11,0,0,0,0,1,0,0,1,0,0,6,2,0,21,0,2,0,3,0,0,0,0,9,1,0,5,0,0,1,0,0,0,0,11,0,2,31,12,3,0,4,0,2,16,21,8,0,0,0,14,0,0,1,0,3,0,0,0,0,0,1,0,0,0,1,0,0,0,0,0,1,5,0,0,8,1,0,9,0,0,0,0,0,0,6,Italian
Van Cortlandt Village,0,0,6,0,0,0,0,0,0,0,0,0,0,0,0,0,0,0,0,0,8,0,0,0,3,0,0,0,0,0,0,0,0,0,0,0,0,0,0,0,1,0,0,0,0,0,0,5,0,0,0,9,0,0,0,0,0,0,0,0,0,0,0,0,0,0,0,0,0,0,0,0,0,0,0,0,0,0,3,0,0,0,0,0,0,0,0,0,0,0,0,0,Mexican
Van Nest-Morris Park-Westchester Square,0,0,5,2,0,0,2,0,0,0,0,0,0,0,0,1,0,0,1,0,7,1,0,0,4,0,0,0,0,0,0,0,0,0,0,0,0,0,0,0,0,0,0,4,2,0,0,4,0,0,2,7,7,0,0,0,2,0,0,0,0,0,0,0,1,0,0,0,0,0,0,0,0,0,0,0,0,0,1,0,0,0,0,0,0,0,0,0,0,0,0,0,Chinese
Washington Heights North,0,0,4,0,0,0,1,0,0,0,0,0,0,0,0,0,0,0,5,0,13,0,0,0,15,0,0,0,0,0,0,0,2,0,0,0,0,0,0,0,1,0,1,8,1,0,0,17,0,0,1,13,1,0,0,0,7,1,0,0,0,2,0,0,0,0,1,0,0,0,0,0,0,0,0,0,0,0,1,0,0,0,0,1,0,0,0,0,0,0,1,0,Latin American (General)
Washington Heights South,0,0,10,0,0,0,1,0,0,0,0,0,0,0,0,0,0,0,4,0,14,1,3,0,14,0,0,2,0,1,0,0,0,0,0,1,0,0,0,0,0,0,0,6,0,1,0,10,0,0,0,18,0,0,0,0,3,0,0,0,0,2,0,0,0,0,1,0,0,0,0,0,0,1,0,0,0,0,8,0,0,0,0,0,6,0,0,0,0,0,1,1,Mexican
West Brighton,0,0,2,0,0,0,0,0,0,0,0,0,0,0,0,2,0,0,0,0,0,0,0,0,0,0,0,0,0,1,1,0,0,0,0,0,0,0,0,0,0,0,0,2,0,1,0,0,0,0,2,1,1,0,0,0,0,0,0,0,0,0,0,0,0,2,0,0,0,0,0,0,0,0,0,0,0,0,0,0,0,0,0,0,0,0,3,0,0,0,0,0,Turkish
West Concourse,0,0,6,0,0,0,0,0,0,0,0,0,0,0,0,1,0,0,4,0,6,0,0,0,0,0,0,0,0,0,0,0,0,0,0,0,0,0,0,0,0,0,0,3,0,0,0,6,0,0,1,9,0,0,0,0,2,0,0,0,0,0,0,0,0,0,0,0,0,0,0,0,0,0,0,2,0,1,5,0,0,0,0,0,0,0,0,0,0,0,0,0,Mexican
West Farms-Bronx River,0,0,3,0,0,0,1,0,0,0,0,0,0,0,0,0,0,0,1,0,7,0,0,0,2,0,0,0,0,0,0,0,1,0,0,0,0,0,0,0,0,0,0,1,0,0,0,5,0,0,1,5,0,0,0,0,0,0,0,0,0,0,0,0,0,0,0,0,0,0,1,0,0,0,0,0,0,0,3,0,0,0,0,0,1,0,0,0,0,0,1,0,Chinese
West New Brighton-New Brighton-St. George,0,1,7,0,0,0,0,0,0,0,0,0,0,0,0,1,0,0,1,0,7,0,0,0,1,0,0,0,1,0,0,0,1,0,0,0,0,0,0,0,0,0,0,8,1,0,0,1,0,0,2,8,0,0,0,0,0,1,0,0,0,1,0,0,0,0,0,0,0,0,0,0,0,0,0,3,0,0,3,0,0,0,0,1,3,0,0,0,0,0,0,0,Italian
West Village,0,0,39,0,1,0,16,2,2,0,0,2,1,4,0,1,0,1,3,0,19,1,3,0,0,2,0,1,2,37,3,1,6,0,0,4,0,0,0,0,15,0,2,94,39,12,0,4,2,1,30,43,14,5,0,1,77,1,0,0,0,1,0,1,0,2,0,0,1,0,0,3,0,1,0,1,0,4,4,0,0,4,0,4,14,0,3,3,0,0,1,6,Italian
Westchester-Unionport,0,0,3,0,0,0,0,0,0,1,0,0,0,0,0,0,0,0,4,0,9,0,1,0,4,0,0,0,0,0,0,0,0,0,0,0,0,0,0,0,2,0,0,2,0,0,0,2,0,0,0,4,0,0,0,0,0,0,0,0,0,0,0,0,2,0,0,0,0,0,0,0,0,0,0,1,0,0,3,0,0,0,0,0,0,1,0,0,0,0,0,0,Chinese
Westerleigh,0,0,2,0,0,0,1,0,0,0,0,0,0,0,0,0,0,1,1,0,9,0,0,0,0,0,0,0,0,0,0,0,1,0,0,0,0,0,0,0,2,0,0,14,5,1,0,1,0,0,4,3,2,1,0,0,8,0,0,0,0,0,1,0,0,0,0,0,0,0,0,0,0,0,0,0,0,0,2,1,0,0,0,0,4,0,1,0,0,0,0,1,Italian
Whitestone,0,0,3,0,0,0,2,0,0,0,0,0,0,0,0,0,0,0,0,0,5,1,0,0,0,0,0,0,0,0,0,1,2,0,0,1,0,0,0,0,0,0,0,11,1,0,0,0,0,0,0,3,1,0,0,0,1,0,0,0,0,0,0,0,0,0,0,0,0,0,0,0,0,0,0,0,0,0,0,0,0,0,1,0,2,0,0,0,0,0,0,1,Italian
Williamsbridge-Olinville,0,0,2,0,0,0,0,0,0,0,0,0,0,0,0,1,0,0,18,0,4,0,0,0,0,0,0,0,0,0,0,0,0,0,0,0,0,0,0,0,1,0,0,1,2,0,0,4,0,0,0,3,0,0,0,0,4,0,0,0,0,0,0,0,0,0,0,0,0,0,2,0,0,0,0,2,0,0,0,0,0,0,0,0,1,0,0,0,0,0,0,0,Caribbean (General)
Williamsburg,0,0,0,0,0,0,0,0,0,0,0,0,0,0,0,0,0,0,0,0,0,0,0,0,0,0,0,0,0,0,0,0,0,0,0,0,0,0,0,0,0,0,0,0,0,0,0,1,0,0,0,0,0,0,0,0,0,0,0,0,0,0,0,0,0,0,0,0,0,0,0,0,0,0,0,0,0,0,0,0,0,0,0,0,0,0,0,0,0,0,0,0,Latin American (General)
Windsor Terrace,0,0,1,0,0,0,1,0,0,0,0,0,0,0,0,0,0,1,0,0,6,0,0,0,1,0,0,0,0,1,0,0,1,0,0,0,0,0,0,0,0,0,1,4,0,1,0,1,0,0,3,3,2,0,0,1,2,0,0,0,0,0,0,0,0,0,0,0,0,0,0,0,0,0,0,0,0,0,1,0,1,0,0,0,7,0,0,0,0,0,0,1,Thai
Woodhaven,1,0,6,0,0,0,0,0,0,0,0,0,0,0,0,0,0,0,1,0,17,4,0,0,2,0,0,0,0,0,0,0,0,0,0,0,0,0,0,0,1,0,0,5,4,0,0,5,0,0,0,12,0,0,0,0,2,0,0,0,0,6,0,0,0,0,0,0,0,0,0,0,0,0,0,0,0,0,8,0,0,0,0,0,3,0,0,0,0,0,0,0,Chinese
Woodlawn-Wakefield,0,0,2,0,0,0,0,0,0,0,0,0,0,0,0,0,0,0,19,0,5,0,0,0,0,0,0,0,0,0,0,0,0,0,0,0,0,0,0,0,2,0,2,2,0,0,0,0,0,0,0,1,0,0,0,0,0,0,0,0,0,0,0,0,1,0,0,0,0,0,0,0,0,0,0,1,0,0,2,0,0,0,0,0,0,1,0,0,0,0,0,0,Caribbean (General)
Woodside,0,0,3,0,0,0,2,0,0,3,0,0,1,0,0,0,0,0,0,0,10,4,0,0,2,0,0,0,16,0,0,0,0,0,0,0,10,0,0,0,3,0,2,2,2,1,0,12,0,0,0,13,0,0,0,0,3,1,0,0,0,2,0,0,0,0,1,0,0,0,0,0,0,0,0,0,0,1,1,0,0,0,0,0,6,0,0,0,0,0,0,0,Filipino
Yorkville,0,0,6,0,0,0,4,0,0,0,0,0,0,1,0,0,0,0,0,0,13,1,0,0,0,0,0,0,0,6,0,2,2,0,0,0,0,0,1,0,4,0,1,26,12,1,0,3,1,0,4,14,2,0,0,1,12,1,0,0,0,1,0,0,0,0,0,0,0,1,0,0,0,0,0,0,0,1,0,0,0,0,0,0,6,0,1,1,0,0,0,3,Italian
park-cemetery-etc-Bronx,0,0,0,0,0,0,0,0,0,0,0,0,0,0,0,0,0,0,0,0,0,0,0,0,0,0,0,0,0,0,0,0,0,0,0,0,0,0,0,0,0,0,0,0,2,0,0,0,0,0,0,1,0,0,0,0,2,0,0,0,0,0,0,0,0,0,0,0,0,0,0,0,0,0,0,0,0,0,0,0,0,0,0,0,0,0,0,0,0,0,0,0,Japanese
park-cemetery-etc-Brooklyn,0,0,0,0,0,0,0,0,0,0,0,0,0,0,0,0,0,0,1,0,0,0,1,0,0,0,0,0,1,0,0,0,0,0,1,0,0,0,0,0,0,0,0,1,0,0,0,0,0,0,0,0,0,0,0,0,1,0,0,0,0,0,0,0,0,0,0,0,0,0,0,0,0,0,0,0,0,0,0,0,0,0,0,1,1,0,0,0,0,0,1,0,Caribbean (General)
park-cemetery-etc-Manhattan,0,0,2,0,0,0,0,0,0,0,0,1,0,0,0,0,0,0,0,0,1,0,0,0,0,0,0,0,0,0,0,0,0,0,0,0,0,0,0,0,0,0,0,1,0,0,0,0,0,0,0,0,0,0,0,0,4,0,0,0,0,0,0,0,0,0,0,0,0,0,0,0,0,0,0,0,0,0,0,0,0,0,0,0,0,0,0,0,0,0,0,0,New American
park-cemetery-etc-Queens,0,0,6,0,0,0,0,0,0,0,0,0,0,0,1,0,0,0,0,0,0,0,0,0,0,0,0,0,0,0,0,0,0,0,0,0,0,0,0,0,0,0,0,1,1,2,0,0,0,0,1,1,0,0,0,0,1,0,0,0,0,0,0,0,0,0,0,0,0,0,0,0,0,0,0,0,0,0,0,0,0,0,0,0,0,0,0,0,0,0,0,0,American
