ntaname,Bakeries,Bars,Beer Bar,Beer Gardens,Breweries,Brewpubs,Cafes,Cafeteria,Champagne Bars,Chicken Shop,Cideries,Cigar Bars,Cocktail Bars,Comedy Clubs,Country Dance Halls,Creperies,Dance Clubs,Diners,Dinner Theater,Distilleries,Dive Bars,Fast Food,Food Court,Food Stands,Food Trucks,Gastropubs,Gay Bars,Hong Kong Style Cafe,Hookah Bars,Internet Cafes,Irish Pub,Izakaya,Juice Bars & Smoothies,Karaoke,Lounges,Nightlife,Piano Bars,Pool Halls,Pubs,Smokehouse,Speakeasies,Sports Bars,Street Vendors,Tapas Bars,Tea Rooms,Themed Cafes,Tiki Bars,Vermouth Bars,Whiskey Bars,Wine Bars,highest_category
Airport,0,4,2,0,0,0,1,0,0,0,0,0,4,0,0,0,0,1,0,0,0,5,4,2,0,0,0,0,0,0,0,0,2,0,1,0,0,0,0,0,0,1,0,0,0,0,0,0,0,2,Fast Food
Allerton-Pelham Gardens,0,0,0,0,0,0,1,0,0,0,0,0,0,0,0,0,0,1,0,0,0,3,0,0,0,0,0,0,0,0,0,0,0,0,0,0,0,0,0,0,0,1,1,0,0,0,0,0,0,1,Fast Food
Annadale-Huguenot-Prince's Bay-Eltingville,0,2,0,0,0,0,0,0,0,0,0,0,2,0,0,0,0,2,0,0,0,0,0,0,1,0,0,0,1,0,0,0,2,0,0,0,0,0,0,0,0,0,0,0,0,0,0,0,0,1,Bars
Arden Heights,0,0,0,0,0,0,0,0,0,0,0,0,0,0,0,0,0,0,0,0,0,1,0,0,0,0,0,0,0,0,0,0,0,0,0,0,0,0,0,0,0,0,0,0,0,0,0,0,0,0,Fast Food
Astoria,7,28,5,1,0,0,28,0,0,4,0,0,36,0,0,3,4,5,0,0,4,20,0,6,15,2,2,0,22,1,5,2,10,1,17,1,0,2,9,0,1,14,1,1,0,0,1,0,1,7,Cocktail Bars
Auburndale,1,1,0,0,0,0,3,0,0,1,0,0,1,0,0,0,0,3,0,0,1,5,1,0,1,0,0,0,1,0,0,0,0,0,1,0,0,0,3,0,0,0,0,1,0,0,0,0,0,0,Fast Food
Baisley Park,0,0,0,0,0,0,1,0,0,1,0,0,0,0,0,0,0,2,0,0,0,7,0,0,0,0,0,0,1,0,0,0,1,0,3,0,0,0,0,0,0,0,0,0,0,0,0,0,0,0,Fast Food
Bath Beach,1,0,0,0,0,0,1,0,0,0,0,0,0,0,0,1,0,0,0,0,0,1,0,0,2,0,0,1,0,0,0,1,2,0,0,0,0,0,0,0,0,1,0,0,0,0,0,0,0,0,Food Trucks
Battery Park City-Lower Manhattan,6,26,8,2,0,0,24,1,0,7,0,1,33,1,0,2,0,4,1,0,3,32,6,21,19,5,0,0,0,0,5,0,11,0,11,0,0,0,13,2,1,9,5,1,0,0,0,0,0,13,Cocktail Bars
Bay Ridge,6,4,2,0,0,0,10,0,0,3,0,0,8,0,0,2,0,8,0,0,2,14,0,0,4,0,0,1,9,0,1,0,10,0,6,0,0,1,5,0,0,6,0,0,0,0,0,0,0,4,Fast Food
Bayside-Bayside Hills,0,4,2,1,0,0,6,0,0,3,0,0,7,0,0,2,0,2,0,0,1,6,0,0,3,2,0,3,2,0,1,0,4,1,1,0,0,1,0,0,1,3,0,2,0,0,0,0,0,2,Cocktail Bars
Bedford,14,11,1,0,0,0,16,0,0,4,0,0,5,1,0,2,0,0,0,0,0,12,0,2,1,0,1,0,0,1,0,1,7,1,0,0,0,0,1,0,0,1,2,1,0,0,0,0,0,1,Cafes
Bedford Park-Fordham North,1,1,1,0,0,0,2,1,0,2,0,1,0,0,0,0,0,3,0,0,0,10,0,0,3,0,0,0,0,0,0,0,2,0,0,0,0,0,1,0,0,0,1,0,0,0,0,0,0,0,Fast Food
Bellerose,0,0,0,0,0,0,2,0,0,2,0,0,0,0,0,0,0,1,0,0,0,6,0,1,1,0,0,0,3,0,0,0,0,0,3,0,0,0,1,0,0,0,0,0,0,0,0,0,0,0,Fast Food
Belmont,1,4,1,1,0,0,5,0,0,0,0,0,3,0,0,0,1,1,0,0,0,8,1,1,0,0,0,0,0,0,0,0,2,0,2,0,0,0,1,0,0,3,0,0,0,0,0,0,0,3,Fast Food
Bensonhurst East,2,1,0,0,0,0,6,0,0,0,0,0,0,0,0,1,0,1,0,0,1,4,0,0,3,0,0,1,3,0,0,0,1,0,7,0,0,2,1,0,0,1,0,0,0,0,0,0,0,0,Lounges
Bensonhurst West,7,0,0,0,0,0,3,0,0,0,0,0,0,0,0,0,1,4,0,0,0,16,0,1,4,0,0,4,0,0,0,0,4,0,0,1,0,0,0,0,0,0,1,0,0,0,0,0,0,0,Fast Food
Borough Park,4,0,0,0,0,0,10,0,0,0,0,0,0,0,0,0,0,1,0,0,0,1,0,0,1,0,0,0,0,0,0,0,2,2,0,0,0,0,0,0,0,0,0,0,0,0,0,0,0,0,Cafes
Breezy Point-Belle Harbor-Rockaway Park-Broad Channel,1,8,2,0,0,0,5,0,0,0,0,0,2,0,0,1,0,0,0,0,1,2,0,3,3,0,0,0,0,0,0,0,7,0,0,0,0,0,8,0,0,0,0,0,0,0,0,0,0,0,Bars
Briarwood-Jamaica Hills,3,0,0,0,0,0,1,0,0,3,0,0,0,0,0,0,0,3,0,0,1,6,0,1,0,0,0,0,0,0,0,0,3,0,0,0,0,0,0,0,0,0,0,0,0,0,0,0,0,0,Fast Food
Brighton Beach,6,0,0,0,0,0,11,0,0,2,0,0,0,0,0,0,0,0,0,0,0,3,0,0,0,0,0,0,0,0,0,0,1,0,0,0,0,0,0,0,0,0,0,0,0,0,0,0,0,0,Cafes
Bronxdale,0,1,0,0,0,0,1,0,0,1,0,0,0,0,0,0,0,0,0,0,0,5,0,0,0,0,0,0,0,0,0,0,3,0,1,0,0,0,1,0,0,0,0,0,0,0,0,0,0,0,Fast Food
Brooklyn Heights-Cobble Hill,6,3,1,0,0,0,4,0,0,1,0,0,13,1,0,0,0,3,0,0,1,4,0,5,1,1,0,0,1,0,0,0,4,1,2,0,0,0,1,0,0,2,2,0,0,1,0,0,0,6,Cocktail Bars
Brownsville,2,1,0,0,0,0,2,0,0,2,0,0,0,0,0,0,0,1,0,0,0,12,0,0,0,0,0,0,0,0,0,0,0,0,2,0,0,0,0,0,0,1,0,0,0,0,0,0,0,0,Fast Food
Bushwick North,5,30,6,1,2,0,15,0,0,3,0,0,32,0,0,3,1,3,0,0,6,15,0,0,6,2,0,0,1,0,0,0,6,1,5,0,0,0,1,0,0,2,0,0,1,1,2,0,0,6,Cocktail Bars
Bushwick South,6,21,4,0,0,0,12,0,0,0,0,0,22,1,0,1,5,4,0,0,4,7,0,1,4,0,3,0,0,0,0,0,5,3,5,0,0,2,2,0,0,0,0,1,0,0,1,0,2,5,Cocktail Bars
Cambria Heights,2,1,0,0,0,0,0,0,0,0,0,0,1,0,0,0,0,0,0,0,0,1,0,0,0,0,0,0,0,0,0,0,3,0,4,0,0,0,0,0,0,0,0,0,0,0,0,0,0,0,Lounges
Canarsie,4,1,0,0,0,0,4,0,0,4,0,0,1,0,0,0,1,2,0,0,0,12,0,0,0,0,0,0,2,0,0,0,4,0,5,0,0,0,1,0,0,0,0,0,0,0,0,0,0,0,Fast Food
Carroll Gardens-Columbia Street-Red Hook,4,17,2,0,0,0,14,0,0,0,1,0,16,0,0,0,0,2,0,2,3,4,0,4,4,1,0,0,0,0,0,0,5,1,3,0,0,0,3,1,0,2,1,2,0,0,1,0,0,10,Bars
Central Harlem North-Polo Grounds,0,4,3,0,0,0,5,1,0,5,0,0,6,0,1,0,1,0,0,0,2,10,0,0,2,0,2,0,2,0,0,0,6,1,9,0,0,0,0,0,0,2,0,0,0,0,0,0,0,2,Fast Food
Central Harlem South,2,9,0,0,0,0,5,0,0,3,0,0,13,0,0,0,0,2,1,0,1,17,0,1,2,1,1,0,1,0,1,0,2,0,3,0,0,0,2,0,2,1,2,2,0,0,0,0,0,3,Fast Food
Charleston-Richmond Valley-Tottenville,3,6,0,0,0,0,1,0,0,1,0,0,4,0,0,0,0,3,0,0,0,6,0,0,1,0,0,0,1,0,0,0,1,0,5,0,0,1,1,0,0,2,0,0,0,0,0,0,0,1,Bars
Chinatown,18,49,12,2,0,0,21,1,0,4,0,0,73,3,0,5,10,5,0,0,9,11,2,8,1,2,0,7,1,0,0,8,9,8,31,0,0,4,4,0,5,4,6,6,1,1,0,1,2,28,Cocktail Bars
Claremont-Bathgate,0,0,0,0,0,0,1,1,0,2,0,0,1,0,0,0,0,1,0,0,0,5,0,1,0,0,0,0,0,0,0,0,4,0,1,0,0,0,0,0,0,1,0,0,0,0,0,0,0,0,Fast Food
Clinton,7,34,9,1,0,0,20,1,0,12,0,0,42,8,0,2,9,6,6,0,6,22,2,7,11,1,18,0,3,0,7,1,10,1,25,1,2,0,10,0,1,13,2,4,0,0,1,0,1,18,Cocktail Bars
Clinton Hill,4,16,2,0,0,0,8,0,0,1,0,0,7,0,0,0,1,3,0,0,3,3,0,2,1,0,0,0,0,0,1,0,7,1,1,1,0,1,2,0,0,0,0,0,0,0,0,1,1,10,Bars
Co-op City,0,1,0,0,0,0,2,0,0,1,0,0,0,0,0,1,1,0,0,0,0,15,0,0,0,0,0,0,0,0,0,0,0,0,1,0,0,0,0,0,0,0,0,0,0,0,0,0,0,0,Fast Food
College Point,2,2,0,0,0,0,1,0,0,0,0,0,1,0,0,0,0,0,0,0,0,0,0,1,0,0,0,0,0,0,0,0,1,1,1,0,0,0,1,0,0,1,0,0,0,1,0,0,0,0,Bakeries
Corona,1,0,0,0,0,0,2,0,0,0,0,0,1,0,0,0,0,1,0,0,0,4,0,1,7,0,0,0,0,0,0,0,0,0,0,0,0,0,0,0,0,0,0,0,0,0,0,0,0,0,Food Trucks
Crotona Park East,0,0,0,0,0,0,0,0,0,0,0,0,0,0,0,0,0,0,0,0,0,4,0,0,0,0,0,0,0,0,0,0,1,0,0,0,0,0,0,0,0,0,0,0,0,0,0,0,0,0,Fast Food
Crown Heights North,9,19,5,4,0,0,16,0,0,7,0,1,20,0,0,2,0,2,0,0,1,16,0,0,2,1,0,0,0,0,0,0,11,0,10,0,0,0,0,0,0,5,0,1,1,2,0,0,1,8,Cocktail Bars
Crown Heights South,5,3,2,0,0,0,2,0,0,1,0,0,0,0,0,1,0,0,0,0,0,4,0,0,0,0,0,0,0,0,0,0,2,0,2,0,0,0,0,1,0,0,1,0,0,0,0,0,0,1,Bakeries
Cypress Hills-City Line,0,2,0,0,0,0,1,0,0,1,0,0,0,0,0,0,1,1,0,0,0,6,0,0,0,0,0,0,0,0,0,0,3,0,2,1,0,0,0,0,0,0,1,0,0,0,0,0,0,1,Fast Food
DUMBO-Vinegar Hill-Downtown Brooklyn-Boerum Hill,11,21,8,4,3,2,16,1,0,7,0,0,24,1,0,2,1,5,1,0,1,21,5,4,5,1,0,0,0,0,0,0,10,1,3,0,0,1,3,0,0,2,1,0,0,0,2,0,1,11,Cocktail Bars
Douglas Manor-Douglaston-Little Neck,0,0,2,0,0,0,1,0,0,2,0,0,1,0,0,0,0,1,0,0,0,5,0,0,1,0,0,1,0,0,0,0,0,0,0,0,0,0,0,0,0,0,1,0,1,0,0,0,0,1,Fast Food
Dyker Heights,3,0,0,0,0,0,3,0,0,1,0,0,1,0,0,0,0,3,0,0,0,5,0,0,0,0,0,0,0,0,0,0,2,0,0,0,0,0,1,0,0,2,1,0,0,0,0,0,0,0,Fast Food
East Concourse-Concourse Village,1,0,0,0,0,0,2,0,0,1,0,0,0,0,0,0,0,0,0,0,0,6,0,1,0,0,0,0,0,0,0,0,0,0,1,0,0,0,0,0,0,0,0,0,0,0,0,0,0,0,Fast Food
East Elmhurst,2,5,0,0,0,0,0,0,0,0,0,0,1,0,0,0,0,0,0,0,0,1,0,0,1,0,0,0,0,0,0,0,0,1,3,0,0,0,0,0,0,3,0,0,0,0,0,0,0,1,Bars
East Flatbush-Farragut,4,2,0,0,0,0,2,0,0,3,0,0,1,0,0,0,0,0,0,0,0,7,0,0,1,0,0,0,0,0,0,0,4,0,0,0,0,0,1,1,0,2,0,0,0,0,0,0,0,0,Fast Food
East Flushing,0,3,0,0,0,0,0,0,0,1,0,0,0,0,0,0,0,1,0,0,0,1,0,0,1,0,0,0,0,0,0,0,1,0,0,0,0,0,0,0,0,0,0,0,0,0,0,0,0,0,Bars
East Harlem North,5,4,0,0,0,0,2,0,0,4,0,0,4,1,0,0,0,1,0,0,1,14,0,3,2,0,1,0,2,0,0,0,9,0,4,0,0,0,0,0,0,1,1,1,0,0,0,0,0,3,Fast Food
East Harlem South,5,3,2,0,0,0,9,1,0,3,0,0,7,0,0,0,0,2,0,0,0,11,0,1,3,1,0,0,0,0,0,0,5,0,0,0,0,0,1,0,0,0,0,1,0,0,0,0,0,2,Fast Food
East New York,3,1,0,0,0,0,0,1,0,1,0,0,0,0,0,0,1,4,1,0,0,24,0,0,4,0,0,0,0,0,0,0,1,0,2,0,0,0,0,0,0,4,1,0,0,0,0,0,0,0,Fast Food
East New York (Pennsylvania Ave),0,0,0,0,0,0,1,0,0,0,0,0,0,0,0,0,0,0,0,0,0,1,0,0,0,0,0,0,0,0,0,0,1,0,0,0,0,0,0,0,0,0,0,0,0,0,0,0,0,0,Cafes
East Tremont,0,0,0,0,0,0,0,0,0,0,0,1,0,0,0,0,0,3,0,0,0,7,0,0,0,0,0,0,0,0,0,0,2,0,0,0,0,0,0,0,0,0,0,0,0,0,0,0,0,0,Fast Food
East Village,9,56,16,0,2,0,31,0,1,6,1,0,69,3,0,4,9,4,0,0,15,15,3,6,8,11,7,0,8,0,4,4,16,5,29,3,0,2,10,0,6,11,1,3,5,0,2,1,2,30,Cocktail Bars
East Williamsburg,3,23,7,0,1,0,8,0,0,3,0,1,21,2,0,0,7,1,0,0,2,10,0,0,5,1,2,0,0,0,0,0,6,1,6,0,0,1,5,0,0,3,0,1,0,0,1,0,2,5,Bars
Eastchester-Edenwald-Baychester,1,2,0,0,0,0,1,0,0,1,0,0,0,0,0,0,0,1,0,0,0,4,0,0,0,0,0,0,0,0,0,0,2,0,0,0,0,0,0,0,0,0,0,0,0,0,0,0,0,0,Fast Food
Elmhurst,19,8,0,0,0,0,9,1,0,7,0,0,5,0,0,2,2,1,0,0,1,29,1,10,11,1,0,2,0,0,1,0,8,1,1,1,0,0,1,0,0,8,5,0,0,0,0,0,0,1,Fast Food
Elmhurst-Maspeth,0,3,1,0,0,0,2,0,0,2,0,0,1,0,0,0,1,1,0,0,0,3,2,2,1,0,0,0,0,0,0,0,0,2,0,0,0,0,2,0,1,0,0,0,0,0,0,0,0,0,Bars
Erasmus,3,5,0,0,0,0,3,0,0,2,0,0,1,0,0,0,0,0,0,1,0,7,0,0,1,0,0,0,0,0,0,0,2,0,1,0,0,0,0,0,0,0,0,0,0,0,0,0,0,0,Fast Food
Far Rockaway-Bayswater,0,1,0,0,0,0,0,0,0,0,0,0,1,0,0,0,0,1,0,0,0,5,0,0,0,0,0,0,0,0,0,0,1,0,1,0,0,0,0,0,0,0,0,0,0,0,0,0,0,0,Fast Food
Flatbush,5,4,0,0,0,0,8,0,0,3,0,0,7,0,0,0,0,2,0,0,0,21,0,0,4,1,0,0,1,0,0,0,6,0,2,0,0,0,2,0,0,2,2,0,0,0,0,0,1,3,Fast Food
Flatlands,2,6,0,0,0,0,1,0,0,1,0,0,1,0,0,1,0,4,0,0,0,7,0,0,1,0,0,0,0,0,0,0,2,0,0,0,0,0,0,0,0,1,1,0,0,0,0,0,0,0,Fast Food
Flushing,9,10,3,0,0,0,5,1,0,7,0,0,9,0,0,4,1,1,0,0,1,18,18,27,4,0,0,8,0,0,0,1,4,13,12,0,0,3,2,0,1,5,10,0,0,1,0,0,0,1,Food Stands
Fordham South,3,1,0,0,0,0,3,0,0,1,0,0,0,0,0,0,0,1,0,0,0,4,0,0,0,0,0,0,0,0,0,0,2,0,1,0,0,0,0,0,0,1,0,1,0,0,0,0,0,0,Fast Food
Forest Hills,4,4,4,1,0,0,2,1,0,0,0,0,10,0,0,2,0,3,0,0,0,9,0,1,5,3,0,0,3,0,1,0,2,0,3,0,0,1,2,0,0,3,2,0,1,0,0,0,0,5,Cocktail Bars
Fort Greene,7,10,2,1,0,0,6,0,0,3,1,0,12,0,0,0,0,1,1,0,0,12,0,2,4,1,0,0,0,0,0,0,6,0,3,0,0,0,5,0,0,4,1,2,0,0,0,0,0,7,Cocktail Bars
Fresh Meadows-Utopia,1,1,0,0,0,0,2,0,0,0,0,0,0,0,0,1,0,0,0,0,0,7,0,0,1,0,0,0,0,0,0,0,1,0,0,0,0,0,0,0,0,2,0,0,1,0,0,0,0,0,Fast Food
Ft. Totten-Bay Terrace-Clearview,1,3,0,0,0,0,2,0,0,1,0,0,4,0,0,0,0,0,0,0,0,2,0,0,1,0,0,0,0,0,0,0,1,0,0,0,0,0,0,0,0,0,0,0,0,0,0,0,0,0,Cocktail Bars
Georgetown-Marine Park-Bergen Beach-Mill Basin,3,3,0,0,0,0,1,1,0,1,0,0,0,0,0,0,0,0,0,0,0,12,0,0,0,0,0,0,0,0,0,0,0,0,2,0,0,0,0,0,0,4,1,0,0,0,0,0,0,0,Fast Food
Glen Oaks-Floral Park-New Hyde Park,1,2,0,0,0,0,1,0,0,0,0,0,1,0,0,0,0,0,0,0,0,2,1,1,2,0,0,0,2,0,0,0,1,0,1,0,0,0,1,0,0,0,1,0,0,0,0,0,0,0,Bars
Glendale,1,2,1,0,0,0,3,0,0,0,0,0,1,0,0,0,0,1,0,0,0,6,0,0,0,0,0,0,0,0,1,0,2,1,1,0,0,0,2,0,0,0,1,0,0,0,0,0,0,0,Fast Food
Gramercy,2,13,4,0,0,0,8,0,0,2,0,0,22,3,0,2,2,3,0,0,1,13,0,2,3,1,0,0,0,0,5,1,6,0,4,0,0,1,6,0,1,9,1,2,0,1,0,0,0,4,Cocktail Bars
Grasmere-Arrochar-Ft. Wadsworth,0,1,0,0,0,0,0,0,0,0,0,0,0,0,0,0,0,0,0,0,0,1,0,0,1,0,0,0,0,0,0,0,1,0,2,0,0,0,0,0,0,1,0,0,0,0,0,0,0,1,Lounges
Gravesend,2,0,0,0,0,0,1,1,0,0,0,0,1,0,0,0,0,0,0,0,0,3,0,0,0,0,0,0,1,0,0,0,0,0,3,0,0,1,1,0,0,1,0,1,0,0,0,0,0,0,Fast Food
Great Kills,0,5,0,0,0,0,0,0,0,0,0,0,2,0,0,0,0,3,0,0,0,5,0,0,0,1,0,0,0,0,1,0,2,0,1,0,0,0,0,0,0,0,1,0,0,0,0,0,0,0,Bars
Greenpoint,16,32,7,1,3,1,19,0,0,3,0,0,29,0,0,1,1,5,0,0,2,7,0,0,7,1,0,1,0,0,0,1,6,0,3,0,0,0,6,0,1,0,1,0,1,0,0,0,1,9,Bars
Grymes Hill-Clifton-Fox Hills,0,1,0,0,0,0,1,0,0,1,0,0,0,0,0,0,0,0,0,0,0,0,0,0,0,0,0,0,0,0,0,0,0,0,0,0,0,0,0,0,0,0,0,0,0,0,0,0,0,0,Bars
Hamilton Heights,3,5,6,0,0,0,4,0,0,2,0,1,8,0,0,0,0,1,0,0,1,12,0,2,2,0,0,0,1,0,0,0,4,0,3,0,0,0,1,0,0,1,1,0,0,0,1,0,1,5,Fast Food
Hammels-Arverne-Edgemere,0,2,1,1,0,0,4,0,0,1,0,0,3,0,0,0,0,0,0,0,0,4,0,1,1,0,0,0,0,0,0,0,2,0,0,0,0,0,0,0,0,0,0,1,0,0,1,0,0,1,Cafes
Highbridge,0,0,0,0,0,0,0,0,0,0,0,0,1,0,0,0,0,0,0,0,0,3,0,0,0,0,0,0,0,0,0,0,1,0,2,1,0,0,0,0,0,1,0,1,0,0,0,0,0,0,Fast Food
Hollis,1,0,0,0,0,0,2,0,0,1,0,0,0,0,0,0,1,0,0,0,0,6,0,0,0,0,0,0,0,0,0,0,1,0,2,0,0,0,0,0,0,0,0,0,0,0,0,0,0,0,Fast Food
Homecrest,2,3,0,0,0,0,9,0,0,1,0,1,1,0,0,0,1,3,0,0,0,4,0,0,1,0,0,0,5,0,0,0,4,0,1,1,0,0,0,0,0,2,0,0,0,0,0,0,0,0,Cafes
Hudson Yards-Chelsea-Flatiron-Union Square,20,59,12,4,1,0,46,1,0,9,0,0,115,5,1,2,19,10,0,0,3,35,9,27,22,7,6,0,1,0,6,1,28,3,34,3,1,2,6,0,7,18,6,13,1,1,0,0,2,27,Cocktail Bars
Hunters Point-Sunnyside-West Maspeth,9,16,5,5,2,0,19,0,0,6,0,0,29,0,0,1,1,7,0,0,2,27,2,7,27,3,0,0,0,0,3,1,11,0,11,1,0,2,11,0,2,9,4,2,0,0,0,0,1,11,Cocktail Bars
Hunts Point,0,0,0,0,0,0,2,0,0,0,0,0,0,0,0,0,0,0,0,0,0,7,0,1,4,0,0,0,0,0,0,0,1,0,0,0,0,0,0,0,0,0,0,0,0,0,0,0,0,0,Fast Food
Jackson Heights,18,11,0,1,0,0,8,0,0,4,0,0,11,0,0,2,3,6,0,0,1,14,2,6,15,1,4,0,2,0,0,0,9,2,6,0,0,3,2,1,0,8,6,5,0,0,0,0,0,1,Bakeries
Jamaica,10,7,0,0,0,0,2,0,0,5,0,0,1,0,0,0,1,0,0,0,1,26,2,3,5,0,0,0,2,0,0,0,7,0,4,0,0,0,1,0,0,1,0,1,0,0,0,0,0,1,Fast Food
Jamaica Estates-Holliswood,0,0,1,0,0,0,1,0,0,1,0,0,0,0,0,0,0,0,0,0,0,6,0,0,0,0,0,0,1,0,0,0,1,0,1,0,0,0,0,0,0,1,0,0,0,0,0,0,0,0,Fast Food
Kensington-Ocean Parkway,3,0,0,0,0,0,2,0,0,1,0,0,0,0,0,0,0,3,0,0,0,6,0,0,1,0,0,0,1,0,0,0,1,0,0,0,0,0,1,0,0,0,0,0,0,0,0,0,0,0,Fast Food
Kew Gardens,0,1,0,0,0,0,1,0,0,1,0,0,1,0,0,0,0,1,0,0,0,4,0,0,0,0,0,0,0,0,0,0,3,0,1,0,0,1,1,0,0,2,0,1,0,0,0,0,0,1,Fast Food
Kew Gardens Hills,1,0,0,0,0,0,2,1,0,1,0,0,0,0,0,0,0,0,0,0,1,4,0,2,0,0,0,0,0,0,0,0,2,0,1,0,0,0,0,0,0,1,0,0,0,0,0,0,0,0,Fast Food
Kingsbridge Heights,1,1,0,0,0,0,1,0,0,0,0,0,0,0,0,0,0,0,0,0,0,5,0,0,0,0,0,0,1,0,0,0,1,0,0,0,0,0,0,0,0,0,0,0,0,0,0,0,0,0,Fast Food
Laurelton,1,0,0,0,0,0,0,0,0,0,0,0,1,0,0,0,1,0,0,0,0,4,0,0,0,0,0,0,1,0,0,0,3,0,2,0,0,0,0,0,0,0,0,0,0,0,0,0,0,0,Fast Food
Lenox Hill-Roosevelt Island,9,11,3,2,0,0,18,2,0,0,0,1,18,0,0,1,0,5,0,0,1,10,0,2,10,3,0,0,0,0,2,0,5,1,3,0,0,0,5,0,1,5,1,3,0,0,0,0,2,13,Cafes
Lincoln Square,9,5,3,0,0,0,16,0,0,2,0,0,14,1,0,1,1,4,1,0,0,3,1,5,4,0,0,0,0,0,2,0,7,0,3,0,0,0,1,0,0,1,2,0,1,1,0,0,1,10,Cafes
Lindenwood-Howard Beach,2,2,0,0,0,0,2,0,0,1,0,0,0,0,0,0,0,1,0,0,0,6,0,0,1,0,0,0,0,0,0,0,2,0,1,0,0,0,0,0,0,0,0,0,0,0,0,0,0,1,Fast Food
Longwood,1,3,0,0,0,0,1,0,0,0,0,0,0,0,0,0,0,0,0,0,0,4,0,0,0,0,0,0,0,0,0,0,0,0,0,0,0,1,0,0,0,0,0,0,0,0,0,0,0,0,Fast Food
Lower East Side,5,20,0,0,0,0,5,0,0,1,0,0,21,0,0,1,2,2,1,0,1,6,0,3,6,0,0,1,1,0,0,1,6,0,6,1,0,0,0,0,1,2,0,2,0,1,0,0,0,4,Cocktail Bars
Madison,2,3,0,0,0,0,2,1,0,0,0,0,0,0,0,0,0,0,0,0,0,5,0,0,3,0,0,0,1,0,0,0,2,1,1,0,0,0,0,0,0,0,0,0,0,0,0,0,0,0,Fast Food
Manhattanville,0,1,0,0,0,0,2,1,0,0,0,0,2,0,0,0,2,1,0,0,1,2,0,3,3,0,0,0,0,0,0,0,1,0,0,0,0,0,0,0,0,1,0,0,0,0,0,0,0,0,Food Stands
Marble Hill-Inwood,2,10,0,0,0,0,2,0,0,3,0,0,8,0,0,2,3,1,0,0,0,7,0,0,3,0,0,0,3,0,0,0,4,0,7,0,0,2,1,0,0,3,2,0,0,0,0,0,0,4,Bars
Mariner's Harbor-Arlington-Port Ivory-Graniteville,1,1,0,0,0,0,0,0,0,0,0,0,0,0,0,0,0,1,0,0,0,7,0,0,1,0,0,0,0,0,0,0,0,0,0,0,0,0,0,0,0,1,0,0,0,0,0,0,0,0,Fast Food
Maspeth,3,3,0,0,0,0,3,0,0,2,0,0,4,0,0,0,1,3,0,0,0,4,0,0,2,0,0,0,0,0,2,0,3,0,3,0,0,0,2,0,0,3,0,0,0,0,0,0,0,0,Cocktail Bars
Melrose South-Mott Haven North,0,0,0,0,0,0,0,0,0,2,0,0,0,0,0,0,0,2,0,0,0,15,0,3,1,0,0,0,0,0,0,0,2,0,0,0,0,0,0,0,0,0,0,0,0,0,0,0,0,0,Fast Food
Middle Village,3,1,0,0,0,0,0,0,0,1,0,1,2,0,0,0,0,1,0,0,0,5,0,0,1,0,0,0,2,0,0,0,1,0,2,0,0,0,2,0,0,1,0,0,0,0,0,0,0,0,Fast Food
Midtown-Midtown South,35,102,20,4,0,0,80,0,2,21,0,0,160,9,0,5,25,11,1,0,1,80,9,69,43,22,0,0,2,0,20,8,30,22,102,4,6,2,29,0,3,44,16,11,5,0,0,0,4,44,Cocktail Bars
Midwood,2,0,0,0,0,0,3,0,0,0,0,0,0,0,0,1,0,0,0,0,0,4,0,0,2,0,0,0,1,0,0,0,4,0,0,0,0,0,0,0,0,0,0,0,0,0,0,0,0,0,Fast Food
Morningside Heights,2,9,3,0,0,0,9,2,0,2,0,0,6,0,0,1,0,0,0,0,0,10,1,6,4,1,2,0,0,0,0,0,10,1,0,0,0,0,2,0,0,1,1,1,0,0,0,0,1,1,Fast Food
Morrisania-Melrose,3,1,0,0,0,0,1,0,0,0,0,0,1,0,0,0,1,0,0,0,0,4,0,0,0,0,0,0,0,0,0,1,1,0,0,0,0,0,0,0,0,0,0,0,0,0,0,0,0,1,Fast Food
Mott Haven-Port Morris,1,2,1,1,0,0,6,0,0,2,0,0,4,0,0,0,1,0,0,0,0,3,0,1,0,0,0,0,0,0,0,0,5,0,1,0,0,0,0,0,1,0,0,0,0,1,0,0,0,2,Cafes
Mount Hope,1,0,0,0,0,0,2,0,0,2,0,0,0,0,0,0,0,1,0,0,0,8,0,0,0,0,0,0,2,0,0,0,3,0,2,0,0,0,0,0,0,0,0,0,0,0,0,0,0,1,Fast Food
Murray Hill,9,7,2,0,0,0,11,0,0,4,0,0,2,0,0,0,0,2,0,0,0,5,2,0,4,1,0,0,0,0,0,0,0,9,2,0,0,0,5,0,1,0,0,0,0,0,0,0,0,0,Cafes
Murray Hill-Kips Bay,3,11,9,0,0,0,19,1,0,7,0,0,29,2,0,0,0,5,0,0,0,11,0,9,9,2,0,0,2,0,6,0,9,2,5,1,0,0,7,0,0,11,1,1,0,1,0,0,3,5,Cocktail Bars
New Brighton-Silver Lake,1,3,0,0,0,0,5,0,0,0,0,0,1,0,0,0,0,1,0,0,0,1,0,0,0,0,0,0,0,0,2,0,1,0,0,0,0,0,0,0,0,1,0,0,0,0,0,0,0,0,Cafes
New Dorp-Midland Beach,3,3,1,0,0,0,2,0,0,1,0,0,5,0,0,1,0,2,1,0,0,7,0,0,0,0,0,0,0,0,0,0,6,0,2,0,0,1,0,0,1,3,0,0,0,0,0,0,0,1,Fast Food
New Springville-Bloomfield-Travis,1,3,0,0,0,0,2,0,0,1,0,0,1,1,0,0,0,2,0,0,0,5,0,0,3,0,0,0,2,0,0,0,3,0,2,0,0,2,0,0,0,3,1,0,0,0,0,0,0,0,Fast Food
North Corona,13,3,0,0,0,0,1,0,0,2,0,0,4,0,0,1,0,0,0,0,0,15,0,8,4,0,0,0,0,0,0,0,1,1,1,0,0,0,0,0,0,2,3,0,0,0,0,0,0,0,Fast Food
North Riverdale-Fieldston-Riverdale,1,5,0,0,0,0,4,0,0,0,0,0,0,0,0,0,0,1,0,0,0,1,0,0,0,0,0,0,1,0,1,0,1,0,1,0,0,0,1,0,0,0,0,0,0,0,0,0,0,0,Bars
North Side-South Side,11,78,11,6,3,1,28,0,0,4,0,0,67,2,0,3,8,5,0,0,8,10,0,23,14,4,1,1,1,0,1,0,19,2,8,2,0,2,9,0,1,6,5,4,0,0,1,0,4,23,Bars
Norwood,1,1,0,0,0,0,3,0,0,0,0,0,0,0,0,0,0,1,0,0,0,7,0,0,1,0,0,0,0,0,0,0,1,0,2,1,0,0,0,0,0,1,0,0,0,0,0,0,0,0,Fast Food
Oakland Gardens,0,0,1,0,0,0,0,1,0,1,0,0,0,0,0,0,0,0,0,0,0,2,0,0,1,0,0,1,0,0,1,0,1,0,0,0,0,1,0,0,0,0,0,0,0,0,0,0,0,0,Fast Food
Oakwood-Oakwood Beach,0,0,0,0,0,0,0,0,0,2,0,0,1,0,0,0,0,0,0,0,0,3,0,0,1,0,0,0,0,0,0,0,0,0,0,0,0,0,0,0,0,0,0,0,0,0,0,0,0,1,Fast Food
Ocean Hill,0,2,0,0,0,0,2,0,0,1,0,0,0,0,0,0,0,0,0,0,0,2,0,0,0,0,0,0,0,0,0,0,1,0,2,0,0,0,0,0,0,0,0,0,0,0,0,0,0,0,Bars
Ocean Parkway South,1,0,0,0,0,0,1,0,0,0,0,0,0,0,0,0,0,0,0,0,1,1,0,0,0,0,0,0,1,0,0,0,0,0,1,0,0,0,0,0,0,0,0,0,0,0,0,0,0,0,Bakeries
Old Astoria,4,4,0,2,0,0,4,0,0,0,0,0,4,0,0,1,0,1,0,0,1,2,0,0,4,0,0,0,0,0,1,0,1,0,0,0,0,0,1,1,0,2,0,0,0,0,0,0,0,2,Bakeries
Old Town-Dongan Hills-South Beach,2,0,1,0,0,0,3,0,0,0,0,0,0,0,0,1,1,0,0,0,0,3,0,0,0,0,0,1,0,0,0,0,3,0,0,0,0,0,1,0,0,0,0,0,0,0,0,0,0,0,Cafes
Ozone Park,0,3,0,0,0,0,0,0,0,0,0,0,2,0,0,0,0,2,0,0,0,6,0,0,1,0,0,0,1,0,0,0,3,0,4,0,0,0,1,0,0,2,0,0,0,0,0,0,0,0,Fast Food
Park Slope-Gowanus,12,27,13,0,1,0,19,1,0,6,0,0,37,1,0,3,2,8,1,1,3,10,0,2,11,4,2,0,0,1,1,1,12,2,1,0,0,1,11,0,0,4,0,3,2,0,1,0,0,14,Cocktail Bars
Parkchester,1,0,0,0,0,0,0,0,0,0,0,0,2,0,0,0,0,1,0,0,0,6,0,0,0,0,0,0,0,0,0,0,1,0,1,0,0,0,0,0,0,0,0,0,0,0,0,0,0,0,Fast Food
Pelham Bay-Country Club-City Island,0,3,1,0,0,0,2,0,0,0,0,0,2,0,0,0,0,3,0,0,0,3,0,0,1,1,0,0,1,0,0,0,2,0,1,0,0,0,2,0,0,2,0,0,0,1,0,0,0,2,Bars
Pelham Parkway,3,3,0,0,0,0,3,0,0,0,0,0,2,0,0,0,0,3,0,0,0,8,0,1,2,0,0,0,0,0,0,0,4,0,2,0,0,0,0,0,0,0,0,0,0,0,0,0,0,1,Fast Food
Pomonok-Flushing Heights-Hillcrest,2,0,0,0,0,0,2,0,0,0,0,0,0,0,0,0,0,1,0,0,0,7,0,0,0,0,0,0,0,0,0,0,1,0,0,0,0,0,1,0,0,0,0,0,0,0,0,0,0,0,Fast Food
Port Richmond,2,5,0,0,0,0,0,0,0,1,0,0,0,0,0,0,0,1,0,0,0,3,0,0,1,0,0,0,0,0,0,0,2,0,0,0,0,1,1,0,0,1,0,0,0,0,0,0,0,0,Bars
Prospect Heights,5,12,4,0,0,0,8,0,0,2,0,1,10,0,0,0,0,1,0,0,1,1,0,0,3,0,0,0,1,0,1,1,1,0,4,0,0,1,1,0,0,2,0,0,0,0,0,0,0,2,Bars
Prospect Lefferts Gardens-Wingate,6,8,1,2,1,0,11,0,0,2,0,0,9,0,0,0,0,1,0,0,0,13,0,0,1,0,0,0,0,0,0,0,8,0,0,0,0,0,1,0,0,2,0,0,0,0,0,0,0,3,Fast Food
Queens Village,3,2,0,0,0,0,0,0,0,0,0,0,0,0,0,0,0,2,0,0,0,9,0,0,1,0,0,0,1,0,0,0,3,0,1,0,0,0,0,0,0,1,0,0,0,0,0,0,0,1,Fast Food
Queensboro Hill,0,1,0,0,0,0,3,0,0,0,0,0,0,0,0,0,0,0,0,0,1,1,0,1,1,0,0,2,0,0,0,0,0,0,0,0,0,0,0,0,0,1,0,0,0,0,0,0,0,1,Cafes
Queensbridge-Ravenswood-Long Island City,3,4,1,0,1,0,6,0,0,1,0,0,7,0,0,1,1,2,0,0,1,3,0,0,2,1,0,0,0,0,0,0,1,0,2,0,0,0,1,0,0,0,0,1,0,0,0,0,0,0,Cocktail Bars
Rego Park,3,1,0,0,0,0,2,0,0,1,0,0,0,0,0,0,0,2,0,0,0,10,0,0,1,0,0,0,0,0,0,0,1,0,1,0,0,0,0,0,0,0,0,0,0,0,0,0,0,1,Fast Food
Richmond Hill,3,9,0,0,0,0,5,0,0,0,0,0,2,0,0,0,3,5,0,0,0,8,0,0,0,0,0,0,3,0,0,0,0,1,10,0,0,2,1,0,0,2,1,1,0,0,0,0,0,0,Lounges
Ridgewood,8,22,7,1,1,0,16,1,0,1,0,0,8,0,0,3,1,5,0,0,2,8,0,0,2,1,0,0,0,0,0,0,5,0,2,0,0,0,0,0,0,2,0,1,0,0,0,0,0,2,Bars
Rosedale,1,1,0,0,0,0,1,0,0,0,0,0,0,0,0,0,0,0,0,0,0,4,0,0,0,0,0,0,0,0,0,0,0,0,0,0,0,0,0,0,0,0,0,0,0,0,0,0,0,0,Fast Food
Rossville-Woodrow,0,0,0,0,0,0,0,0,0,0,0,0,0,0,0,0,0,1,0,0,1,1,0,0,0,0,0,0,0,0,0,0,0,0,1,0,0,0,1,0,0,0,0,0,0,0,0,0,0,0,Diners
Rugby-Remsen Village,4,0,0,0,0,0,2,0,0,1,0,0,0,0,0,0,2,0,0,0,0,12,0,0,0,0,0,0,0,0,0,0,0,0,0,0,0,0,1,0,0,0,0,0,0,0,0,0,0,0,Fast Food
Schuylerville-Throgs Neck-Edgewater Park,0,8,1,0,0,0,2,1,0,0,0,1,2,0,0,0,0,4,0,0,0,6,0,0,0,0,0,0,0,0,0,0,1,0,1,0,0,0,1,0,0,2,0,0,0,0,0,0,0,2,Bars
Seagate-Coney Island,0,5,0,0,0,0,0,0,0,0,0,0,2,0,0,0,0,2,0,0,1,11,0,2,1,0,0,0,2,0,0,0,1,0,1,0,0,0,0,0,0,0,0,0,0,1,0,0,0,0,Fast Food
Sheepshead Bay-Gerritsen Beach-Manhattan Beach,5,3,1,0,0,0,7,0,0,0,0,0,1,0,0,1,0,1,0,0,1,8,0,0,0,0,0,0,3,0,0,0,4,0,5,0,0,0,2,0,0,3,0,0,0,0,0,0,0,2,Fast Food
SoHo-TriBeCa-Civic Center-Little Italy,25,43,8,2,1,0,50,0,0,3,0,0,81,2,0,1,4,9,1,0,2,18,3,18,17,0,0,1,0,0,0,1,16,5,36,2,0,0,6,0,1,4,2,5,0,0,1,0,2,38,Cocktail Bars
Soundview-Bruckner,1,1,0,0,0,0,0,0,0,1,0,0,0,0,0,0,0,1,0,0,0,7,0,0,1,0,0,0,0,0,0,0,0,0,0,0,0,1,0,0,0,0,0,0,0,0,0,0,0,0,Fast Food
Soundview-Castle Hill-Clason Point-Harding Park,1,1,0,0,0,0,0,0,0,1,0,0,0,0,0,0,0,1,0,0,0,10,0,0,1,0,0,0,0,0,0,0,0,0,1,0,0,0,0,0,0,1,0,0,0,0,0,0,0,0,Fast Food
South Jamaica,1,0,0,0,0,0,0,0,0,0,0,0,0,0,0,0,0,0,0,0,0,1,0,0,1,0,0,0,0,0,0,0,2,0,1,0,0,0,0,0,0,1,1,0,0,0,0,0,0,0,Juice Bars & Smoothies
South Ozone Park,6,4,0,0,0,0,1,0,1,2,0,0,4,0,0,0,0,0,0,0,0,14,0,3,1,0,0,0,5,0,0,0,4,0,18,0,0,0,0,0,0,3,1,0,0,0,0,0,0,1,Lounges
Springfield Gardens North,0,0,1,0,0,0,0,0,0,1,0,0,0,0,0,0,0,0,0,0,0,5,0,0,0,0,0,0,0,0,0,0,1,0,0,0,0,0,0,0,0,0,0,0,0,0,0,0,0,1,Fast Food
Springfield Gardens South-Brookville,1,1,0,0,0,0,1,0,0,0,0,0,0,0,0,0,0,0,0,0,0,3,1,1,0,0,0,0,0,0,0,0,1,0,0,0,0,0,0,0,0,0,0,0,0,0,0,0,0,0,Fast Food
Spuyten Duyvil-Kingsbridge,3,5,2,0,0,0,3,0,0,2,0,0,4,0,0,0,0,3,0,0,0,13,0,0,1,0,0,0,1,0,1,0,3,0,0,0,0,0,1,0,0,4,0,0,0,1,0,0,0,1,Fast Food
St. Albans,2,4,0,0,0,0,1,0,0,2,0,0,0,0,0,0,0,1,0,0,0,8,0,0,0,0,0,0,0,0,0,0,3,0,5,0,0,0,0,1,0,1,0,0,0,0,0,0,0,0,Fast Food
Stapleton-Rosebank,2,6,0,0,1,0,4,0,0,2,0,0,4,0,0,0,0,1,0,0,0,5,0,0,2,1,0,0,0,0,0,0,1,0,1,0,0,0,1,0,1,2,0,0,0,0,0,0,0,3,Bars
Starrett City,1,0,0,0,0,0,0,0,0,0,0,0,0,0,0,0,0,0,0,0,0,0,0,0,0,0,0,0,0,0,0,0,0,0,0,0,0,0,0,0,0,0,0,0,0,0,0,0,0,0,Bakeries
Steinway,8,9,3,1,0,0,11,0,0,1,0,0,11,1,0,1,2,2,0,0,1,6,0,1,7,2,1,0,5,0,2,0,2,1,5,0,0,1,2,0,0,6,2,0,0,0,0,0,0,4,Cafes
Stuyvesant Heights,5,16,3,0,0,0,8,0,0,3,0,0,11,0,0,1,1,1,0,0,0,10,0,0,1,0,0,0,0,0,0,0,3,0,0,0,0,0,0,0,0,1,1,1,1,0,1,0,0,6,Bars
Stuyvesant Town-Cooper Village,0,0,0,0,0,0,1,0,0,0,0,0,0,0,0,0,0,0,0,0,0,1,0,0,0,0,0,0,0,0,0,0,0,0,0,1,0,0,0,0,0,0,0,0,0,0,0,0,0,1,Cafes
Sunset Park East,16,1,0,0,0,0,6,0,0,2,0,0,1,0,0,1,0,2,0,0,1,10,1,5,5,0,0,1,0,0,1,0,4,8,0,0,0,1,0,0,0,2,3,0,2,0,0,0,0,0,Bakeries
Sunset Park West,8,10,5,1,0,0,8,0,0,2,0,0,11,0,0,1,2,2,0,3,2,13,2,2,6,1,1,0,0,0,1,1,9,0,3,0,0,2,2,0,0,3,1,0,0,0,0,0,1,4,Fast Food
Todt Hill-Emerson Hill-Heartland Village-Lighthouse Hill,0,3,0,0,0,0,0,0,0,1,0,0,3,0,0,0,0,0,0,0,0,15,2,0,1,0,0,0,0,0,0,0,2,0,0,0,0,0,0,0,0,4,0,0,0,0,0,0,0,0,Fast Food
Turtle Bay-East Midtown,12,31,3,3,0,0,31,0,0,8,0,1,27,0,0,1,0,6,0,0,1,24,6,17,17,2,4,0,1,0,6,2,15,3,19,0,2,0,11,0,2,6,5,1,0,0,0,0,0,23,Bars
University Heights-Morris Heights,1,0,0,0,0,0,3,0,0,1,0,0,1,0,0,0,1,0,0,0,0,5,1,0,1,0,0,0,0,0,0,0,5,0,2,0,0,0,0,0,0,0,0,1,0,0,0,0,0,0,Fast Food
Upper East Side-Carnegie Hill,14,11,1,0,0,0,29,1,0,2,0,1,15,0,0,4,1,2,0,0,0,7,0,3,4,1,0,0,0,0,0,0,11,0,4,0,1,0,0,0,0,1,0,1,2,0,0,0,0,10,Cafes
Upper West Side,10,16,7,0,0,0,16,0,0,2,0,0,21,3,0,2,1,6,0,0,6,12,0,9,8,1,0,1,0,0,2,0,5,1,2,1,1,0,5,2,1,6,2,1,0,1,1,0,0,22,Wine Bars
Van Cortlandt Village,0,1,0,0,0,0,2,1,0,0,0,0,0,0,0,0,0,1,0,0,0,3,0,0,1,0,0,0,0,0,0,0,2,0,0,0,0,0,0,0,0,2,0,0,0,0,0,0,0,0,Fast Food
Van Nest-Morris Park-Westchester Square,1,3,1,1,0,0,4,0,0,0,0,0,2,0,0,1,0,2,0,0,0,8,0,2,1,0,0,0,3,0,0,0,5,0,1,0,0,0,1,0,0,1,0,0,0,0,0,0,0,0,Fast Food
Washington Heights North,1,7,1,0,1,0,3,0,0,6,0,1,3,0,0,1,0,0,0,0,0,10,0,1,1,2,0,0,1,0,0,0,7,0,3,1,0,0,1,0,0,3,1,2,0,0,0,0,0,0,Fast Food
Washington Heights South,2,7,0,0,0,0,5,0,0,2,0,0,5,0,0,1,1,2,0,0,0,14,0,3,1,0,0,0,0,0,0,0,6,0,0,1,0,0,1,0,0,1,0,2,0,0,0,0,0,0,Fast Food
West Brighton,1,1,2,0,0,0,2,1,0,1,0,0,1,0,0,0,0,0,0,0,0,5,0,1,1,0,0,0,0,0,0,0,1,0,2,0,0,0,0,0,0,0,0,0,0,0,0,0,0,0,Fast Food
West Concourse,2,4,2,0,0,0,0,0,0,1,0,0,0,0,0,0,0,6,0,0,0,17,0,1,1,0,0,0,1,0,0,0,1,0,4,0,0,0,1,0,0,15,0,0,0,0,0,0,0,0,Fast Food
West Farms-Bronx River,0,0,0,0,0,0,1,0,0,1,0,0,2,0,0,0,0,1,0,0,0,2,0,0,1,0,0,0,0,0,0,0,2,0,1,0,0,0,0,0,0,1,0,0,0,0,0,0,0,0,Cocktail Bars
West New Brighton-New Brighton-St. George,1,3,0,0,0,0,1,0,0,0,0,0,1,0,0,0,0,0,0,0,0,2,0,1,2,0,0,0,0,0,0,0,0,1,1,0,0,0,2,0,0,1,0,1,0,0,0,0,0,0,Bars
West Village,19,62,11,1,0,1,45,0,1,8,0,0,118,13,0,5,10,6,1,0,4,28,1,14,16,8,11,2,2,0,3,2,19,3,36,2,3,1,18,0,5,18,3,5,0,0,0,0,4,63,Cocktail Bars
Westchester-Unionport,0,5,0,0,0,0,2,0,0,1,0,0,0,0,0,0,0,4,0,0,0,7,0,0,1,0,0,0,1,0,0,0,1,0,0,0,0,0,0,0,0,0,0,0,0,0,0,0,0,0,Fast Food
Westerleigh,1,2,0,0,0,0,2,0,0,0,0,0,0,0,0,1,0,2,0,0,1,6,0,0,0,0,0,0,2,0,0,0,4,0,0,0,0,0,2,0,0,0,0,0,0,0,0,0,0,0,Fast Food
Whitestone,4,1,1,0,0,0,1,0,0,1,0,0,0,0,0,1,0,3,0,0,0,1,1,0,1,0,0,0,0,0,0,0,2,0,0,0,0,0,2,0,1,2,0,0,0,0,0,0,0,0,Bakeries
Williamsbridge-Olinville,2,0,0,0,0,0,0,0,0,2,0,0,0,0,0,0,0,0,0,0,0,9,0,0,0,0,0,0,0,0,0,0,2,0,0,0,0,0,0,0,0,0,0,0,0,0,0,0,0,0,Fast Food
Williamsburg,2,0,0,0,0,0,3,0,0,0,0,0,0,0,0,0,0,0,0,0,0,1,0,0,0,0,0,0,0,0,0,0,1,0,0,0,0,0,0,0,0,0,0,0,0,0,0,0,0,0,Cafes
Windsor Terrace,3,6,0,1,0,0,3,0,0,0,0,0,3,0,0,0,0,1,0,0,0,1,0,0,0,0,0,0,0,0,2,0,1,1,0,0,0,0,1,0,0,0,0,0,0,0,0,0,0,0,Bars
Woodhaven,3,3,0,0,0,0,2,0,0,2,0,0,1,0,0,1,0,2,0,0,1,9,0,0,2,0,0,0,0,0,1,0,1,0,1,0,0,1,0,0,0,0,1,0,0,0,0,0,0,0,Fast Food
Woodlawn-Wakefield,2,1,0,0,0,0,1,0,0,0,0,0,2,0,0,0,0,0,0,0,1,4,0,0,1,0,0,0,0,0,2,0,1,0,2,0,0,0,4,0,0,1,0,0,0,0,0,0,0,1,Fast Food
Woodside,6,6,2,0,0,0,8,0,0,4,0,0,3,0,0,0,2,1,0,0,2,9,0,2,3,1,0,0,0,0,1,0,4,0,1,0,0,1,4,0,0,4,3,2,0,0,0,0,0,1,Fast Food
Yorkville,3,11,3,0,0,0,10,0,0,2,0,0,17,1,0,1,0,7,0,0,0,4,0,2,7,1,2,0,0,0,2,0,4,0,2,0,0,0,9,0,1,5,2,0,1,1,0,0,1,17,Cocktail Bars
park-cemetery-etc-Bronx,0,0,0,1,0,0,0,0,0,0,0,0,0,0,0,0,0,0,0,0,0,1,0,0,0,0,0,0,0,0,0,0,0,0,0,0,0,0,0,0,0,0,0,0,0,0,0,0,0,0,Beer Gardens
park-cemetery-etc-Brooklyn,1,0,0,0,0,0,6,1,0,0,0,0,1,1,0,0,0,0,0,0,0,0,0,3,1,0,0,0,0,0,0,0,2,0,0,0,0,0,0,0,0,0,1,0,0,0,0,0,0,0,Cafes
park-cemetery-etc-Manhattan,1,1,0,0,0,0,4,1,0,0,0,0,2,0,0,0,0,0,0,0,0,1,0,3,0,0,0,0,0,0,0,0,0,0,0,0,0,0,0,0,0,0,2,0,0,0,0,0,0,1,Cafes
park-cemetery-etc-Queens,0,0,1,0,1,0,1,1,0,3,0,0,0,0,0,0,0,0,0,0,0,1,2,10,0,0,0,0,0,0,0,0,0,0,1,0,0,0,0,0,0,7,1,0,0,0,0,0,0,1,Food Stands
